date,language,method,GridSize,epsilon,dt,tol,t_iter,solver_iter,dt_out,print,boundary,pathname,elapsed_time(s),mem_allocated(Gb),SLURM_ID,IC_percent_+1,comp
06/23/2025 12:13:35,Julia,NMG,64,0.0300187398257242,5.5e-06,1e-05,2000,10000.0,10,True,neumann,/project/g_bme-janeslab/SarahG/spinodal_decomp_06_2025/out_julia/NMG_Julia_2000_dt_5.50e-06_Nx_64_neumann_dtout_1075p_,27.719954849,14699.421128,395375_2,75p,rivanna
06/23/2025 12:14:28,Julia,SAV,64,0.0300187398257242,5.5e-06,,2000,,10,True,neumann,/project/g_bme-janeslab/SarahG/spinodal_decomp_06_2025/out_julia/SAV_Julia_2000_dt_5.50e-06_Nx_64_neumann_dtout_1075p_,20.847134417,40110.376073,395375_4,75p,rivanna
06/23/2025 12:14:30,Julia,NMG,64,0.0300187398257242,5.5e-06,1e-05,2000,10000.0,2000,False,neumann,/project/g_bme-janeslab/SarahG/spinodal_decomp_06_2025/out_julia/NMG_Julia_2000_dt_5.50e-06_Nx_64_neumann_dtout_200075p_,26.497566451,14275.59076,395375_6,75p,rivanna
06/23/2025 12:15:54,Julia,SAV,64,0.0300187398257242,5.5e-06,,2000,,2000,False,neumann,/project/g_bme-janeslab/SarahG/spinodal_decomp_06_2025/out_julia/SAV_Julia_2000_dt_5.50e-06_Nx_64_neumann_dtout_200075p_,21.131957769,39556.002089,395375_8,75p,rivanna
06/23/2025 12:15:55,Julia,NMG,128,0.0150093699128621,5.5e-06,1e-05,2000,10000.0,10,True,neumann,/project/g_bme-janeslab/SarahG/spinodal_decomp_06_2025/out_julia/NMG_Julia_2000_dt_5.50e-06_Nx_128_neumann_dtout_1075p_,285.423140611,164088.883464,395375_10,75p,rivanna
06/23/2025 12:16:37,Julia,SAV,128,0.0150093699128621,5.5e-06,,2000,,10,True,neumann,/project/g_bme-janeslab/SarahG/spinodal_decomp_06_2025/out_julia/SAV_Julia_2000_dt_5.50e-06_Nx_128_neumann_dtout_1075p_,94.832221463,159141.433609,395375_12,75p,rivanna
06/23/2025 12:17:10,Julia,NMG,128,0.0150093699128621,5.5e-06,1e-05,2000,10000.0,2000,False,neumann,/project/g_bme-janeslab/SarahG/spinodal_decomp_06_2025/out_julia/NMG_Julia_2000_dt_5.50e-06_Nx_128_neumann_dtout_200075p_,256.013800064,162425.195544,395375_14,75p,rivanna
06/23/2025 12:18:47,Julia,SAV,128,0.0150093699128621,5.5e-06,,2000,,2000,False,neumann,/project/g_bme-janeslab/SarahG/spinodal_decomp_06_2025/out_julia/SAV_Julia_2000_dt_5.50e-06_Nx_128_neumann_dtout_200075p_,99.667981403,156955.952137,395375_16,75p,rivanna
06/23/2025 12:19:21,Julia,NMG,256,0.007504684956431,5.5e-06,1e-05,2000,10000.0,10,True,neumann,/project/g_bme-janeslab/SarahG/spinodal_decomp_06_2025/out_julia/NMG_Julia_2000_dt_5.50e-06_Nx_256_neumann_dtout_1075p_,2764.551331058,1505661.452728,395375_18,75p,rivanna
06/23/2025 12:20:13,Julia,SAV,256,0.007504684956431,5.5e-06,,2000,,2000,False,neumann,/project/g_bme-janeslab/SarahG/spinodal_decomp_06_2025/out_julia/SAV_Julia_2000_dt_5.50e-06_Nx_256_neumann_dtout_200075p_,420.208441929,626555.705097,395375_24,75p,rivanna
06/23/2025 12:20:13,Julia,NMG,256,0.007504684956431,5.5e-06,1e-05,2000,10000.0,2000,False,neumann,/project/g_bme-janeslab/SarahG/spinodal_decomp_06_2025/out_julia/NMG_Julia_2000_dt_5.50e-06_Nx_256_neumann_dtout_200075p_,1459.925304818,1499036.182024,395375_22,75p,rivanna
06/23/2025 12:20:59,Julia,NMG,512,0.0037523424782155,5.5e-06,1e-05,2000,10000.0,10,True,neumann,/project/g_bme-janeslab/SarahG/spinodal_decomp_06_2025/out_julia/NMG_Julia_2000_dt_5.50e-06_Nx_512_neumann_dtout_1075p_,26909.166327809,8928753.997144,395375_26,75p,rivanna
06/23/2025 12:24:07,Julia,NMG,512,0.0037523424782155,5.5e-06,1e-05,2000,10000.0,2000,False,neumann,/project/g_bme-janeslab/SarahG/spinodal_decomp_06_2025/out_julia/NMG_Julia_2000_dt_5.50e-06_Nx_512_neumann_dtout_200050p_,9068.854240499,8351378.6682,395375_62,50p,rivanna
06/23/2025 12:24:08,Julia,NMG,256,0.007504684956431,5.5e-06,1e-05,2000,10000.0,10,True,neumann,/project/g_bme-janeslab/SarahG/spinodal_decomp_06_2025/out_julia/NMG_Julia_2000_dt_5.50e-06_Nx_256_neumann_dtout_1050p_,1434.451922994,1475700.020184,395375_50,50p,rivanna
06/23/2025 12:24:08,Julia,SAV,128,0.0150093699128621,5.5e-06,,2000,,10,True,neumann,/project/g_bme-janeslab/SarahG/spinodal_decomp_06_2025/out_julia/SAV_Julia_2000_dt_5.50e-06_Nx_128_neumann_dtout_1025p_,85.235284674,159144.376393,395375_76,25p,rivanna
06/23/2025 12:24:08,Julia,SAV,128,0.0150093699128621,5.5e-06,,2000,,2000,False,neumann,/project/g_bme-janeslab/SarahG/spinodal_decomp_06_2025/out_julia/SAV_Julia_2000_dt_5.50e-06_Nx_128_neumann_dtout_200050p_,88.435743133,156955.971017,395375_48,50p,rivanna
06/23/2025 12:24:08,Julia,NMG,128,0.0150093699128621,5.5e-06,1e-05,2000,10000.0,10,True,neumann,/project/g_bme-janeslab/SarahG/spinodal_decomp_06_2025/out_julia/NMG_Julia_2000_dt_5.50e-06_Nx_128_neumann_dtout_1025p_,159.037962646,165498.7354,395375_74,25p,rivanna
06/23/2025 12:24:08,Julia,NMG,128,0.0150093699128621,5.5e-06,1e-05,2000,10000.0,10,True,neumann,/project/g_bme-janeslab/SarahG/spinodal_decomp_06_2025/out_julia/NMG_Julia_2000_dt_5.50e-06_Nx_128_neumann_dtout_1050p_,160.253334134,172151.21716,395375_42,50p,rivanna
06/23/2025 12:24:08,Julia,SAV,128,0.0150093699128621,5.5e-06,,2000,,10,True,neumann,/project/g_bme-janeslab/SarahG/spinodal_decomp_06_2025/out_julia/SAV_Julia_2000_dt_5.50e-06_Nx_128_neumann_dtout_1050p_,83.402128381,159143.571465,395375_44,50p,rivanna
06/23/2025 12:24:08,Julia,SAV,256,0.007504684956431,5.5e-06,,2000,,10,True,neumann,/project/g_bme-janeslab/SarahG/spinodal_decomp_06_2025/out_julia/SAV_Julia_2000_dt_5.50e-06_Nx_256_neumann_dtout_1050p_,404.646148723,635273.139785,395375_52,50p,rivanna
06/23/2025 12:24:08,Julia,NMG,128,0.0150093699128621,5.5e-06,1e-05,2000,10000.0,2000,False,neumann,/project/g_bme-janeslab/SarahG/spinodal_decomp_06_2025/out_julia/NMG_Julia_2000_dt_5.50e-06_Nx_128_neumann_dtout_200050p_,159.661244019,170485.409432,395375_46,50p,rivanna
06/23/2025 12:24:08,Julia,NMG,256,0.007504684956431,5.5e-06,1e-05,2000,10000.0,2000,False,neumann,/project/g_bme-janeslab/SarahG/spinodal_decomp_06_2025/out_julia/NMG_Julia_2000_dt_5.50e-06_Nx_256_neumann_dtout_200050p_,1424.033917528,1469069.500072,395375_54,50p,rivanna
06/23/2025 12:24:08,Julia,NMG,64,0.0300187398257242,5.5e-06,1e-05,2000,10000.0,10,True,neumann,/project/g_bme-janeslab/SarahG/spinodal_decomp_06_2025/out_julia/NMG_Julia_2000_dt_5.50e-06_Nx_64_neumann_dtout_1050p_,15.663342534,15818.212552,395375_34,50p,rivanna
06/23/2025 12:24:08,Julia,NMG,64,0.0300187398257242,5.5e-06,1e-05,2000,10000.0,2000,False,neumann,/project/g_bme-janeslab/SarahG/spinodal_decomp_06_2025/out_julia/NMG_Julia_2000_dt_5.50e-06_Nx_64_neumann_dtout_200050p_,16.334874304,15393.607224,395375_38,50p,rivanna
06/23/2025 12:24:08,Julia,SAV,256,0.007504684956431,5.5e-06,,2000,,2000,False,neumann,/project/g_bme-janeslab/SarahG/spinodal_decomp_06_2025/out_julia/SAV_Julia_2000_dt_5.50e-06_Nx_256_neumann_dtout_200050p_,409.414697606,626555.817417,395375_56,50p,rivanna
06/23/2025 12:24:09,Julia,NMG,512,0.0037523424782155,5.5e-06,1e-05,2000,10000.0,10,True,neumann,/project/g_bme-janeslab/SarahG/spinodal_decomp_06_2025/out_julia/NMG_Julia_2000_dt_5.50e-06_Nx_512_neumann_dtout_1050p_,8891.967655849,8377868.001048,395375_58,50p,rivanna
06/23/2025 12:24:42,Julia,SAV,128,0.0150093699128621,5.5e-06,,2000,,2000,False,neumann,/project/g_bme-janeslab/SarahG/spinodal_decomp_06_2025/out_julia/SAV_Julia_2000_dt_5.50e-06_Nx_128_neumann_dtout_200025p_,85.296993244,156955.978057,395375_80,25p,rivanna
06/23/2025 12:24:42,Julia,NMG,128,0.0150093699128621,5.5e-06,1e-05,2000,10000.0,2000,False,neumann,/project/g_bme-janeslab/SarahG/spinodal_decomp_06_2025/out_julia/NMG_Julia_2000_dt_5.50e-06_Nx_128_neumann_dtout_200025p_,156.592790828,163832.135784,395375_78,25p,rivanna
06/23/2025 12:24:42,Julia,NMG,256,0.007504684956431,5.5e-06,1e-05,2000,10000.0,2000,False,neumann,/project/g_bme-janeslab/SarahG/spinodal_decomp_06_2025/out_julia/NMG_Julia_2000_dt_5.50e-06_Nx_256_neumann_dtout_200025p_,1491.699566028,1523575.567656,395375_86,25p,rivanna
06/23/2025 12:24:42,Julia,NMG,256,0.007504684956431,5.5e-06,1e-05,2000,10000.0,10,True,neumann,/project/g_bme-janeslab/SarahG/spinodal_decomp_06_2025/out_julia/NMG_Julia_2000_dt_5.50e-06_Nx_256_neumann_dtout_1025p_,1486.95692355,1530209.361368,395375_82,25p,rivanna
06/23/2025 12:24:42,Julia,SAV,256,0.007504684956431,5.5e-06,,2000,,2000,False,periodic,/project/g_bme-janeslab/SarahG/spinodal_decomp_06_2025/out_julia/SAV_Julia_2000_dt_5.50e-06_Nx_256_periodic_dtout_200025p_,82.474971646,156742.739385,395375_87,25p,rivanna
06/23/2025 12:24:43,Julia,SAV,256,0.007504684956431,5.5e-06,,2000,,10,True,neumann,/project/g_bme-janeslab/SarahG/spinodal_decomp_06_2025/out_julia/SAV_Julia_2000_dt_5.50e-06_Nx_256_neumann_dtout_1025p_,428.147775159,635276.401161,395375_84,25p,rivanna
06/23/2025 12:24:43,Julia,NMG,512,0.0037523424782155,5.5e-06,1e-05,2000,10000.0,10,True,neumann,/project/g_bme-janeslab/SarahG/spinodal_decomp_06_2025/out_julia/NMG_Julia_2000_dt_5.50e-06_Nx_512_neumann_dtout_1025p_,9814.721141394,8889516.685608,395375_90,25p,rivanna
06/23/2025 12:24:43,Julia,NMG,512,0.0037523424782155,5.5e-06,1e-05,2000,10000.0,2000,False,neumann,/project/g_bme-janeslab/SarahG/spinodal_decomp_06_2025/out_julia/NMG_Julia_2000_dt_5.50e-06_Nx_512_neumann_dtout_200025p_,10045.689966189,8863013.94988,395375_94,25p,rivanna
06/23/2025 15:36:08,Julia,NMG,64,0.0300187398257242,5.5e-06,1e-05,2000,10000.0,10,True,periodic,/project/g_bme-janeslab/SarahG/spinodal_decomp_06_2025/out_julia/NMG_Julia_2000_dt_5.50e-06_Nx_64_periodic_dtout_1075p_,24.276927376,14737.237976,403752_1,75p,rivanna
06/23/2025 15:36:28,Julia,SAV,64,0.0300187398257242,5.5e-06,,2000,,10,True,periodic,/project/g_bme-janeslab/SarahG/spinodal_decomp_06_2025/out_julia/SAV_Julia_2000_dt_5.50e-06_Nx_64_periodic_dtout_1075p_,6.235497014,10649.142105,403752_3,75p,rivanna
06/23/2025 15:37:24,Julia,NMG,64,0.0300187398257242,5.5e-06,1e-05,2000,10000.0,2000,False,periodic,/project/g_bme-janeslab/SarahG/spinodal_decomp_06_2025/out_julia/NMG_Julia_2000_dt_5.50e-06_Nx_64_periodic_dtout_200075p_,23.908420574,14313.406824,403752_5,75p,rivanna
06/23/2025 15:38:03,Julia,SAV,64,0.0300187398257242,5.5e-06,,2000,,2000,False,periodic,/project/g_bme-janeslab/SarahG/spinodal_decomp_06_2025/out_julia/SAV_Julia_2000_dt_5.50e-06_Nx_64_periodic_dtout_200075p_,8.648937618,10192.581785,403752_7,75p,rivanna
06/23/2025 15:38:46,Julia,NMG,128,0.0150093699128621,5.5e-06,1e-05,2000,10000.0,10,True,periodic,/project/g_bme-janeslab/SarahG/spinodal_decomp_06_2025/out_julia/NMG_Julia_2000_dt_5.50e-06_Nx_128_periodic_dtout_1075p_,271.997700333,165553.712152,403752_9,75p,rivanna
06/23/2025 15:39:25,Julia,NMG,128,0.0150093699128621,5.5e-06,1e-05,2000,10000.0,2000,False,periodic,/project/g_bme-janeslab/SarahG/spinodal_decomp_06_2025/out_julia/NMG_Julia_2000_dt_5.50e-06_Nx_128_periodic_dtout_200075p_,263.902168929,163890.027336,403752_13,75p,rivanna
06/23/2025 15:39:26,Julia,SAV,128,0.0150093699128621,5.5e-06,,2000,,10,True,periodic,/project/g_bme-janeslab/SarahG/spinodal_decomp_06_2025/out_julia/SAV_Julia_2000_dt_5.50e-06_Nx_128_periodic_dtout_1075p_,23.61984093,41296.824729,403752_11,75p,rivanna
06/23/2025 15:41:05,Julia,SAV,256,0.007504684956431,5.5e-06,,2000,,2000,False,periodic,/project/g_bme-janeslab/SarahG/spinodal_decomp_06_2025/out_julia/SAV_Julia_2000_dt_5.50e-06_Nx_256_periodic_dtout_200075p_,88.63731775,156742.637881,403752_23,75p,rivanna
06/23/2025 15:41:05,Julia,NMG,256,0.007504684956431,5.5e-06,1e-05,2000,10000.0,10,True,periodic,/project/g_bme-janeslab/SarahG/spinodal_decomp_06_2025/out_julia/NMG_Julia_2000_dt_5.50e-06_Nx_256_periodic_dtout_1075p_,2743.924513899,1524195.825112,403752_17,75p,rivanna
06/23/2025 15:41:05,Julia,SAV,256,0.007504684956431,5.5e-06,,2000,,10,True,periodic,/project/g_bme-janeslab/SarahG/spinodal_decomp_06_2025/out_julia/SAV_Julia_2000_dt_5.50e-06_Nx_256_periodic_dtout_1075p_,93.580988233,163889.721641,403752_19,75p,rivanna
06/23/2025 15:41:05,Julia,NMG,256,0.007504684956431,5.5e-06,1e-05,2000,10000.0,2000,False,periodic,/project/g_bme-janeslab/SarahG/spinodal_decomp_06_2025/out_julia/NMG_Julia_2000_dt_5.50e-06_Nx_256_periodic_dtout_200075p_,2788.58959082,1517570.557704,403752_21,75p,rivanna
06/23/2025 15:41:05,Julia,SAV,128,0.0150093699128621,5.5e-06,,2000,,2000,False,periodic,/project/g_bme-janeslab/SarahG/spinodal_decomp_06_2025/out_julia/SAV_Julia_2000_dt_5.50e-06_Nx_128_periodic_dtout_200075p_,21.617433602,39502.595449,403752_15,75p,rivanna
06/23/2025 15:41:16,Julia,NMG,512,0.0037523424782155,5.5e-06,1e-05,2000,10000.0,2000,False,periodic,/project/g_bme-janeslab/SarahG/spinodal_decomp_06_2025/out_julia/NMG_Julia_2000_dt_5.50e-06_Nx_512_periodic_dtout_200075p_,24862.766429935,8924895.92052,403752_29,75p,rivanna
06/23/2025 15:41:16,Julia,SAV,512,0.0037523424782155,5.5e-06,,2000,,10,True,periodic,/project/g_bme-janeslab/SarahG/spinodal_decomp_06_2025/out_julia/SAV_Julia_2000_dt_5.50e-06_Nx_512_periodic_dtout_1075p_,390.892186856,654262.324969,403752_27,75p,rivanna
06/23/2025 15:41:56,Julia,SAV,512,0.0037523424782155,5.5e-06,,2000,,2000,False,periodic,/project/g_bme-janeslab/SarahG/spinodal_decomp_06_2025/out_julia/SAV_Julia_2000_dt_5.50e-06_Nx_512_periodic_dtout_200075p_,379.172586472,625702.791225,403752_31,75p,rivanna
06/23/2025 15:43:30,Julia,NMG,64,0.0300187398257242,5.5e-06,1e-05,2000,10000.0,10,True,periodic,/project/g_bme-janeslab/SarahG/spinodal_decomp_06_2025/out_julia/NMG_Julia_2000_dt_5.50e-06_Nx_64_periodic_dtout_1050p_,29.826196807,16142.09196,403752_33,50p,rivanna
06/23/2025 15:44:04,Julia,SAV,64,0.0300187398257242,5.5e-06,,2000,,2000,False,periodic,/project/g_bme-janeslab/SarahG/spinodal_decomp_06_2025/out_julia/SAV_Julia_2000_dt_5.50e-06_Nx_64_periodic_dtout_200050p_,8.436268755,10192.585497,403752_39,50p,rivanna
06/23/2025 15:44:04,Julia,SAV,64,0.0300187398257242,5.5e-06,,2000,,10,True,periodic,/project/g_bme-janeslab/SarahG/spinodal_decomp_06_2025/out_julia/SAV_Julia_2000_dt_5.50e-06_Nx_64_periodic_dtout_1050p_,6.663791222,10649.925209,403752_35,50p,rivanna
06/23/2025 15:44:05,Julia,NMG,64,0.0300187398257242,5.5e-06,1e-05,2000,10000.0,2000,False,periodic,/project/g_bme-janeslab/SarahG/spinodal_decomp_06_2025/out_julia/NMG_Julia_2000_dt_5.50e-06_Nx_64_periodic_dtout_200050p_,16.414331864,15717.483208,403752_37,50p,rivanna
06/23/2025 15:45:31,Julia,NMG,128,0.0150093699128621,5.5e-06,1e-05,2000,10000.0,10,True,periodic,/project/g_bme-janeslab/SarahG/spinodal_decomp_06_2025/out_julia/NMG_Julia_2000_dt_5.50e-06_Nx_128_periodic_dtout_1050p_,288.804560847,171806.1182,403752_41,50p,rivanna
06/23/2025 15:45:41,Julia,SAV,128,0.0150093699128621,5.5e-06,,2000,,10,True,periodic,/project/g_bme-janeslab/SarahG/spinodal_decomp_06_2025/out_julia/SAV_Julia_2000_dt_5.50e-06_Nx_128_periodic_dtout_1050p_,21.896717744,41298.972713,403752_43,50p,rivanna
06/23/2025 15:46:12,Julia,NMG,128,0.0150093699128621,5.5e-06,1e-05,2000,10000.0,2000,False,periodic,/project/g_bme-janeslab/SarahG/spinodal_decomp_06_2025/out_julia/NMG_Julia_2000_dt_5.50e-06_Nx_128_periodic_dtout_200050p_,262.959364014,170140.317096,403752_45,50p,rivanna
06/23/2025 15:46:59,Julia,SAV,128,0.0150093699128621,5.5e-06,,2000,,2000,False,periodic,/project/g_bme-janeslab/SarahG/spinodal_decomp_06_2025/out_julia/SAV_Julia_2000_dt_5.50e-06_Nx_128_periodic_dtout_200050p_,23.119640772,39502.614457,403752_47,50p,rivanna
06/23/2025 15:47:53,Julia,SAV,256,0.007504684956431,5.5e-06,,2000,,10,True,periodic,/project/g_bme-janeslab/SarahG/spinodal_decomp_06_2025/out_julia/SAV_Julia_2000_dt_5.50e-06_Nx_256_periodic_dtout_1050p_,98.681383112,163895.055321,403752_51,50p,rivanna
06/23/2025 15:47:53,Julia,NMG,256,0.007504684956431,5.5e-06,1e-05,2000,10000.0,10,True,periodic,/project/g_bme-janeslab/SarahG/spinodal_decomp_06_2025/out_julia/NMG_Julia_2000_dt_5.50e-06_Nx_256_periodic_dtout_1050p_,2673.62965139,1482984.805416,403752_49,50p,rivanna
06/23/2025 15:48:35,Julia,NMG,256,0.007504684956431,5.5e-06,1e-05,2000,10000.0,2000,False,periodic,/project/g_bme-janeslab/SarahG/spinodal_decomp_06_2025/out_julia/NMG_Julia_2000_dt_5.50e-06_Nx_256_periodic_dtout_200050p_,2893.831212445,1476354.29852,403752_53,50p,rivanna
06/23/2025 15:49:58,Julia,SAV,256,0.007504684956431,5.5e-06,,2000,,2000,False,periodic,/project/g_bme-janeslab/SarahG/spinodal_decomp_06_2025/out_julia/SAV_Julia_2000_dt_5.50e-06_Nx_256_periodic_dtout_200050p_,106.996732117,156742.750457,403752_55,50p,rivanna
06/23/2025 15:51:16,Julia,NMG,512,0.0037523424782155,5.5e-06,1e-05,2000,10000.0,2000,False,periodic,/project/g_bme-janeslab/SarahG/spinodal_decomp_06_2025/out_julia/NMG_Julia_2000_dt_5.50e-06_Nx_512_periodic_dtout_200050p_,23846.562542521,8243190.283416,403752_61,50p,rivanna
06/23/2025 15:51:17,Julia,SAV,512,0.0037523424782155,5.5e-06,,2000,,10,True,periodic,/project/g_bme-janeslab/SarahG/spinodal_decomp_06_2025/out_julia/SAV_Julia_2000_dt_5.50e-06_Nx_512_periodic_dtout_1050p_,512.031977118,654279.319449,403752_59,50p,rivanna
06/23/2025 15:52:20,Julia,NMG,64,0.0300187398257242,5.5e-06,1e-05,2000,10000.0,10,True,periodic,/project/g_bme-janeslab/SarahG/spinodal_decomp_06_2025/out_julia/NMG_Julia_2000_dt_5.50e-06_Nx_64_periodic_dtout_1025p_,27.344955621,14778.915656,403752_65,25p,rivanna
06/23/2025 15:52:20,Julia,SAV,512,0.0037523424782155,5.5e-06,,2000,,2000,False,periodic,/project/g_bme-janeslab/SarahG/spinodal_decomp_06_2025/out_julia/SAV_Julia_2000_dt_5.50e-06_Nx_512_periodic_dtout_200050p_,555.341873817,625703.207737,403752_63,50p,rivanna
06/23/2025 15:53:35,Julia,SAV,64,0.0300187398257242,5.5e-06,,2000,,10,True,periodic,/project/g_bme-janeslab/SarahG/spinodal_decomp_06_2025/out_julia/SAV_Julia_2000_dt_5.50e-06_Nx_64_periodic_dtout_1025p_,8.645646138,10649.956569,403752_67,25p,rivanna
06/23/2025 15:53:35,Julia,NMG,64,0.0300187398257242,5.5e-06,1e-05,2000,10000.0,2000,False,periodic,/project/g_bme-janeslab/SarahG/spinodal_decomp_06_2025/out_julia/NMG_Julia_2000_dt_5.50e-06_Nx_64_periodic_dtout_200025p_,23.019438957,14354.278104,403752_69,25p,rivanna
06/23/2025 15:54:58,Julia,SAV,64,0.0300187398257242,5.5e-06,,2000,,2000,False,periodic,/project/g_bme-janeslab/SarahG/spinodal_decomp_06_2025/out_julia/SAV_Julia_2000_dt_5.50e-06_Nx_64_periodic_dtout_200025p_,9.790583364,10192.587225,403752_71,25p,rivanna
06/23/2025 15:55:05,Julia,NMG,128,0.0150093699128621,5.5e-06,1e-05,2000,10000.0,10,True,periodic,/project/g_bme-janeslab/SarahG/spinodal_decomp_06_2025/out_julia/NMG_Julia_2000_dt_5.50e-06_Nx_128_periodic_dtout_1025p_,259.641737234,166461.670184,403752_73,25p,rivanna
06/23/2025 15:55:18,Julia,SAV,128,0.0150093699128621,5.5e-06,,2000,,10,True,periodic,/project/g_bme-janeslab/SarahG/spinodal_decomp_06_2025/out_julia/SAV_Julia_2000_dt_5.50e-06_Nx_128_periodic_dtout_1025p_,21.758077997,41299.820969,403752_75,25p,rivanna
06/23/2025 15:55:19,Julia,NMG,128,0.0150093699128621,5.5e-06,1e-05,2000,10000.0,2000,False,periodic,/project/g_bme-janeslab/SarahG/spinodal_decomp_06_2025/out_julia/NMG_Julia_2000_dt_5.50e-06_Nx_128_periodic_dtout_200025p_,286.061475781,164795.01564,403752_77,25p,rivanna
06/23/2025 15:55:30,Julia,SAV,128,0.0150093699128621,5.5e-06,,2000,,2000,False,periodic,/project/g_bme-janeslab/SarahG/spinodal_decomp_06_2025/out_julia/SAV_Julia_2000_dt_5.50e-06_Nx_128_periodic_dtout_200025p_,23.637766153,39502.622201,403752_79,25p,rivanna
06/23/2025 15:56:10,Julia,NMG,256,0.007504684956431,5.5e-06,1e-05,2000,10000.0,10,True,periodic,/project/g_bme-janeslab/SarahG/spinodal_decomp_06_2025/out_julia/NMG_Julia_2000_dt_5.50e-06_Nx_256_periodic_dtout_1025p_,3061.641759739,1537994.563688,403752_81,25p,rivanna
06/23/2025 15:57:12,Julia,NMG,256,0.007504684956431,5.5e-06,1e-05,2000,10000.0,2000,False,periodic,/project/g_bme-janeslab/SarahG/spinodal_decomp_06_2025/out_julia/NMG_Julia_2000_dt_5.50e-06_Nx_256_periodic_dtout_200025p_,3063.776784655,1531360.775576,403752_85,25p,rivanna
06/23/2025 15:57:14,Julia,SAV,256,0.007504684956431,5.5e-06,,2000,,10,True,periodic,/project/g_bme-janeslab/SarahG/spinodal_decomp_06_2025/out_julia/SAV_Julia_2000_dt_5.50e-06_Nx_256_periodic_dtout_1025p_,115.70201553,163898.333657,403752_83,25p,rivanna
06/23/2025 15:58:26,Julia,SAV,512,0.0037523424782155,5.5e-06,,2000,,10,True,periodic,/project/g_bme-janeslab/SarahG/spinodal_decomp_06_2025/out_julia/SAV_Julia_2000_dt_5.50e-06_Nx_512_periodic_dtout_1025p_,430.113180515,654292.735385,403752_91,25p,rivanna
06/23/2025 15:59:09,Julia,NMG,512,0.0037523424782155,5.5e-06,1e-05,2000,10000.0,2000,False,periodic,/project/g_bme-janeslab/SarahG/spinodal_decomp_06_2025/out_julia/NMG_Julia_2000_dt_5.50e-06_Nx_512_periodic_dtout_200025p_,9661.684848628,8891666.757064,403752_93,25p,rivanna
06/23/2025 16:00:07,Julia,SAV,512,0.0037523424782155,5.5e-06,,2000,,2000,False,periodic,/project/g_bme-janeslab/SarahG/spinodal_decomp_06_2025/out_julia/SAV_Julia_2000_dt_5.50e-06_Nx_512_periodic_dtout_200025p_,414.352661384,625703.192569,403752_95,25p,rivanna
06/24/2025 11:15:22,Julia,NMG,512,0.0037523424782155,5.5e-06,1e-05,2000,10000.0,10,True,periodic,/project/g_bme-janeslab/SarahG/spinodal_decomp_06_2025/out_julia/NMG_Julia_2000_dt_5.50e-06_Nx_512_periodic_dtout_1025p_,9497.244162918,8918169.470744,448858_3,25p,rivanna
06/24/2025 11:15:22,Julia,NMG,512,0.0037523424782155,5.5e-06,1e-05,2000,10000.0,10,True,periodic,/project/g_bme-janeslab/SarahG/spinodal_decomp_06_2025/out_julia/NMG_Julia_2000_dt_5.50e-06_Nx_512_periodic_dtout_1050p_,9043.576772383,8269679.632296,448858_2,50p,rivanna
06/24/2025 11:15:22,Julia,NMG,512,0.0037523424782155,5.5e-06,1e-05,2000,10000.0,10,True,periodic,/project/g_bme-janeslab/SarahG/spinodal_decomp_06_2025/out_julia/NMG_Julia_2000_dt_5.50e-06_Nx_512_periodic_dtout_1075p_,9909.960558362,8951368.5766,448858_1,75p,rivanna
06/24/2025 17:24:24,Julia,SAV,512,0.0037523424782155,5.5e-06,,2000,,2000,False,neumann,/project/g_bme-janeslab/SarahG/spinodal_decomp_06_2025/out_julia/SAV_Julia_2000_dt_5.50e-06_Nx_512_neumann_dtout_200025p_,1518.363409367,2504955.036937,460784_4,25p,rivanna
06/24/2025 17:29:07,Julia,SAV,512,0.0037523424782155,5.5e-06,,2000,,2000,False,neumann,/project/g_bme-janeslab/SarahG/spinodal_decomp_06_2025/out_julia/SAV_Julia_2000_dt_5.50e-06_Nx_512_neumann_dtout_200075p_,1523.935151038,2504954.636041,460784_6,75p,rivanna
06/24/2025 17:29:07,Julia,SAV,512,0.0037523424782155,5.5e-06,,2000,,10,True,neumann,/project/g_bme-janeslab/SarahG/spinodal_decomp_06_2025/out_julia/SAV_Julia_2000_dt_5.50e-06_Nx_512_neumann_dtout_1075p_,1614.528132758,2539774.144537,460784_5,75p,rivanna
06/24/2025 17:44:35,Julia,SAV,512,0.0037523424782155,5.5e-06,,2000,,10,True,neumann,/project/g_bme-janeslab/SarahG/spinodal_decomp_06_2025/out_julia/SAV_Julia_2000_dt_5.50e-06_Nx_512_neumann_dtout_1050p_,2791.285515975,2539791.118409,460784_7,50p,rivanna
06/24/2025 17:50:38,Julia,SAV,512,0.0037523424782155,5.5e-06,,2000,,2000,False,neumann,/project/g_bme-janeslab/SarahG/spinodal_decomp_06_2025/out_julia/SAV_Julia_2000_dt_5.50e-06_Nx_512_neumann_dtout_200050p_,1533.125531141,2504955.051273,460784_8,50p,rivanna
06/24/2025 17:54:34,Julia,SAV,512,0.0037523424782155,5.5e-06,,2000,,10,True,neumann,/project/g_bme-janeslab/SarahG/spinodal_decomp_06_2025/out_julia/SAV_Julia_2000_dt_5.50e-06_Nx_512_neumann_dtout_1025p_,2161.97400312,2539804.618121,460784_9,25p,rivanna
06/27/2025 14:29:10,Python,NMG,64,0.0300187398257242,5.5e-06,1e-05,2000,10000.0,1,True,periodic,/project/g_bme-janeslab/SarahG/spinodal_decomp_06_2025//NMG_Python_20_dt_5.50e-06_Nx_64_periodic_dtout_175p,84080.0,4.202966690063477,586701_1,75p,rivanna_extrap
06/27/2025 14:29:10,Python,NMG,64,0.0300187398257242,5.5e-06,1e-05,2000,10000.0,20,False,periodic,/project/g_bme-janeslab/SarahG/spinodal_decomp_06_2025//NMG_Python_20_dt_5.50e-06_Nx_64_periodic_dtout_2075p,81135.0,4.201074600219727,586701_5,75p,rivanna_extrap
06/27/2025 14:29:10,Python,NMG,64,0.0300187398257242,5.5e-06,1e-05,2000,10000.0,20,False,neumann,/project/g_bme-janeslab/SarahG/spinodal_decomp_06_2025//NMG_Python_20_dt_5.50e-06_Nx_64_neumann_dtout_2075p,76952.0,4.202221870422363,586701_6,75p,rivanna_extrap
06/27/2025 14:29:10,Python,NMG,64,0.0300187398257242,5.5e-06,1e-05,2000,10000.0,1,True,neumann,/project/g_bme-janeslab/SarahG/spinodal_decomp_06_2025//NMG_Python_20_dt_5.50e-06_Nx_64_neumann_dtout_175p,82157.0,4.202580451965332,586701_2,75p,rivanna_extrap
06/27/2025 14:30:44,Python,NMG,128,0.0150093699128621,5.5e-06,1e-05,2000,10000.0,1,True,periodic,/project/g_bme-janeslab/SarahG/spinodal_decomp_06_2025//NMG_Python_20_dt_5.50e-06_Nx_128_periodic_dtout_175p,394824.0,4.763424873352051,586701_9,75p,rivanna_extrap
06/27/2025 14:31:19,Python,NMG,128,0.0150093699128621,5.5e-06,1e-05,2000,10000.0,1,True,neumann,/project/g_bme-janeslab/SarahG/spinodal_decomp_06_2025//NMG_Python_20_dt_5.50e-06_Nx_128_neumann_dtout_175p,364613.0,4.762207984924316,586701_10,75p,rivanna_extrap
06/27/2025 14:32:56,Python,NMG,128,0.0150093699128621,5.5e-06,1e-05,2000,10000.0,20,False,neumann,/project/g_bme-janeslab/SarahG/spinodal_decomp_06_2025//NMG_Python_20_dt_5.50e-06_Nx_128_neumann_dtout_2075p,384704.0,4.763822555541992,586701_14,75p,rivanna_extrap
06/27/2025 14:32:57,Python,NMG,128,0.0150093699128621,5.5e-06,1e-05,2000,10000.0,20,False,periodic,/project/g_bme-janeslab/SarahG/spinodal_decomp_06_2025//NMG_Python_20_dt_5.50e-06_Nx_128_periodic_dtout_2075p,374874.0,4.764017105102539,586701_13,75p,rivanna_extrap
06/27/2025 14:34:13,Python,NMG,512,0.0037523424782155,5.5e-06,1e-05,2000,10000.0,1,True,neumann,/project/g_bme-janeslab/SarahG/spinodal_decomp_06_2025//NMG_Python_20_dt_5.50e-06_Nx_512_neumann_dtout_175p,2537181.0,26.01601505279541,586701_26,75p,rivanna_extrap
06/27/2025 14:34:13,Python,NMG,512,0.0037523424782155,5.5e-06,1e-05,2000,10000.0,20,False,periodic,/project/g_bme-janeslab/SarahG/spinodal_decomp_06_2025//NMG_Python_20_dt_5.50e-06_Nx_512_periodic_dtout_2075p,2560069.0,26.0121431350708,586701_29,75p,rivanna_extrap
06/27/2025 14:34:13,Python,NMG,512,0.0037523424782155,5.5e-06,1e-05,2000,10000.0,20,False,neumann,/project/g_bme-janeslab/SarahG/spinodal_decomp_06_2025//NMG_Python_20_dt_5.50e-06_Nx_512_neumann_dtout_2075p,2553572.0,26.013291358947757,586701_30,75p,rivanna_extrap
06/27/2025 14:34:13,Python,NMG,128,0.0150093699128621,5.5e-06,1e-05,2000,10000.0,20,False,periodic,/project/g_bme-janeslab/SarahG/spinodal_decomp_06_2025//NMG_Python_20_dt_5.50e-06_Nx_128_periodic_dtout_2050p,182431.0,4.758330345153809,586701_45,50p,rivanna_extrap
06/27/2025 14:34:13,Python,NMG,256,0.007504684956431,5.5e-06,1e-05,2000,10000.0,1,True,periodic,/project/g_bme-janeslab/SarahG/spinodal_decomp_06_2025//NMG_Python_20_dt_5.50e-06_Nx_256_periodic_dtout_175p,727771.0,7.012977600097656,586701_17,75p,rivanna_extrap
06/27/2025 14:34:13,Python,NMG,256,0.007504684956431,5.5e-06,1e-05,2000,10000.0,20,False,neumann,/project/g_bme-janeslab/SarahG/spinodal_decomp_06_2025//NMG_Python_20_dt_5.50e-06_Nx_256_neumann_dtout_2075p,728140.0,7.011330604553223,586701_22,75p,rivanna_extrap
06/27/2025 14:34:13,Python,NMG,128,0.0150093699128621,5.5e-06,1e-05,2000,10000.0,1,True,neumann,/project/g_bme-janeslab/SarahG/spinodal_decomp_06_2025//NMG_Python_20_dt_5.50e-06_Nx_128_neumann_dtout_150p,180953.0,4.7680864334106445,586701_42,50p,rivanna_extrap
06/27/2025 14:34:13,Python,NMG,256,0.007504684956431,5.5e-06,1e-05,2000,10000.0,1,True,periodic,/project/g_bme-janeslab/SarahG/spinodal_decomp_06_2025//NMG_Python_20_dt_5.50e-06_Nx_256_periodic_dtout_150p,776175.0,7.014702796936035,586701_49,50p,rivanna_extrap
06/27/2025 14:34:13,Python,NMG,256,0.007504684956431,5.5e-06,1e-05,2000,10000.0,1,True,neumann,/project/g_bme-janeslab/SarahG/spinodal_decomp_06_2025//NMG_Python_20_dt_5.50e-06_Nx_256_neumann_dtout_175p,687720.0,7.01438045501709,586701_18,75p,rivanna_extrap
06/27/2025 14:34:13,Python,NMG,256,0.007504684956431,5.5e-06,1e-05,2000,10000.0,1,True,neumann,/project/g_bme-janeslab/SarahG/spinodal_decomp_06_2025//NMG_Python_20_dt_5.50e-06_Nx_256_neumann_dtout_150p,710452.0,7.01763916015625,586701_50,50p,rivanna_extrap
06/27/2025 14:34:13,Python,NMG,128,0.0150093699128621,5.5e-06,1e-05,2000,10000.0,1,True,periodic,/project/g_bme-janeslab/SarahG/spinodal_decomp_06_2025//NMG_Python_20_dt_5.50e-06_Nx_128_periodic_dtout_150p,199506.0,4.764191627502441,586701_41,50p,rivanna_extrap
06/27/2025 14:34:13,Python,NMG,256,0.007504684956431,5.5e-06,1e-05,2000,10000.0,20,False,periodic,/project/g_bme-janeslab/SarahG/spinodal_decomp_06_2025//NMG_Python_20_dt_5.50e-06_Nx_256_periodic_dtout_2075p,708362.0,7.01146125793457,586701_21,75p,rivanna_extrap
06/27/2025 14:34:13,Python,NMG,256,0.007504684956431,5.5e-06,1e-05,2000,10000.0,20,False,periodic,/project/g_bme-janeslab/SarahG/spinodal_decomp_06_2025//NMG_Python_20_dt_5.50e-06_Nx_256_periodic_dtout_2050p,712969.0,7.01069450378418,586701_53,50p,rivanna_extrap
06/27/2025 14:34:13,Python,NMG,64,0.0300187398257242,5.5e-06,1e-05,2000,10000.0,1,True,periodic,/project/g_bme-janeslab/SarahG/spinodal_decomp_06_2025//NMG_Python_20_dt_5.50e-06_Nx_64_periodic_dtout_150p,42353.0,4.2026472091674805,586701_33,50p,rivanna_extrap
06/27/2025 14:34:13,Python,NMG,128,0.0150093699128621,5.5e-06,1e-05,2000,10000.0,20,False,neumann,/project/g_bme-janeslab/SarahG/spinodal_decomp_06_2025//NMG_Python_20_dt_5.50e-06_Nx_128_neumann_dtout_2050p,180887.0,4.765931129455566,586701_46,50p,rivanna_extrap
06/27/2025 14:34:13,Python,NMG,64,0.0300187398257242,5.5e-06,1e-05,2000,10000.0,1,True,neumann,/project/g_bme-janeslab/SarahG/spinodal_decomp_06_2025//NMG_Python_20_dt_5.50e-06_Nx_64_neumann_dtout_150p,41215.0,4.20360279083252,586701_34,50p,rivanna_extrap
06/27/2025 14:34:13,Python,NMG,512,0.0037523424782155,5.5e-06,1e-05,2000,10000.0,1,True,periodic,/project/g_bme-janeslab/SarahG/spinodal_decomp_06_2025//NMG_Python_20_dt_5.50e-06_Nx_512_periodic_dtout_175p,2568961.0,26.01390838623047,586701_25,75p,rivanna_extrap
06/27/2025 14:34:13,Python,NMG,64,0.0300187398257242,5.5e-06,1e-05,2000,10000.0,20,False,periodic,/project/g_bme-janeslab/SarahG/spinodal_decomp_06_2025//NMG_Python_20_dt_5.50e-06_Nx_64_periodic_dtout_2050p,42360.0,4.20241641998291,586701_37,50p,rivanna_extrap
06/27/2025 14:34:13,Python,NMG,64,0.0300187398257242,5.5e-06,1e-05,2000,10000.0,20,False,neumann,/project/g_bme-janeslab/SarahG/spinodal_decomp_06_2025//NMG_Python_20_dt_5.50e-06_Nx_64_neumann_dtout_2050p,40941.0,4.2022857666015625,586701_38,50p,rivanna_extrap
06/27/2025 14:34:24,Python,NMG,256,0.007504684956431,5.5e-06,1e-05,2000,10000.0,20,False,neumann,/project/g_bme-janeslab/SarahG/spinodal_decomp_06_2025//NMG_Python_20_dt_5.50e-06_Nx_256_neumann_dtout_2050p,778410.0,7.010947227478027,586701_54,50p,rivanna_extrap
06/27/2025 14:34:47,Python,NMG,512,0.0037523424782155,5.5e-06,1e-05,2000,10000.0,20,False,periodic,/project/g_bme-janeslab/SarahG/spinodal_decomp_06_2025//NMG_Python_20_dt_5.50e-06_Nx_512_periodic_dtout_2050p,2913048.0,26.01379680633545,586701_61,50p,rivanna_extrap
06/27/2025 14:34:47,Python,NMG,512,0.0037523424782155,5.5e-06,1e-05,2000,10000.0,20,False,neumann,/project/g_bme-janeslab/SarahG/spinodal_decomp_06_2025//NMG_Python_20_dt_5.50e-06_Nx_512_neumann_dtout_2050p,2852060.0,26.013347625732425,586701_62,50p,rivanna_extrap
06/27/2025 14:34:47,Python,NMG,128,0.0150093699128621,5.5e-06,1e-05,2000,10000.0,1,True,periodic,/project/g_bme-janeslab/SarahG/spinodal_decomp_06_2025//NMG_Python_20_dt_5.50e-06_Nx_128_periodic_dtout_125p,185004.0,4.763360977172852,586701_73,25p,rivanna_extrap
06/27/2025 14:34:47,Python,NMG,512,0.0037523424782155,5.5e-06,1e-05,2000,10000.0,1,True,periodic,/project/g_bme-janeslab/SarahG/spinodal_decomp_06_2025//NMG_Python_20_dt_5.50e-06_Nx_512_periodic_dtout_150p,2721856.0,26.017358779907227,586701_57,50p,rivanna_extrap
06/27/2025 14:34:47,Python,NMG,64,0.0300187398257242,5.5e-06,1e-05,2000,10000.0,1,True,neumann,/project/g_bme-janeslab/SarahG/spinodal_decomp_06_2025//NMG_Python_20_dt_5.50e-06_Nx_64_neumann_dtout_125p,39266.0,4.203858375549316,586701_66,25p,rivanna_extrap
06/27/2025 14:34:47,Python,NMG,64,0.0300187398257242,5.5e-06,1e-05,2000,10000.0,20,False,neumann,/project/g_bme-janeslab/SarahG/spinodal_decomp_06_2025//NMG_Python_20_dt_5.50e-06_Nx_64_neumann_dtout_2025p,39213.0,4.203244209289551,586701_70,25p,rivanna_extrap
06/27/2025 14:34:47,Python,NMG,64,0.0300187398257242,5.5e-06,1e-05,2000,10000.0,20,False,periodic,/project/g_bme-janeslab/SarahG/spinodal_decomp_06_2025//NMG_Python_20_dt_5.50e-06_Nx_64_periodic_dtout_2025p,40211.0,4.203055381774902,586701_69,25p,rivanna_extrap
06/27/2025 14:34:48,Python,NMG,128,0.0150093699128621,5.5e-06,1e-05,2000,10000.0,1,True,neumann,/project/g_bme-janeslab/SarahG/spinodal_decomp_06_2025//NMG_Python_20_dt_5.50e-06_Nx_128_neumann_dtout_125p,192744.0,4.763230323791504,586701_74,25p,rivanna_extrap
06/27/2025 14:34:48,Python,NMG,512,0.0037523424782155,5.5e-06,1e-05,2000,10000.0,1,True,neumann,/project/g_bme-janeslab/SarahG/spinodal_decomp_06_2025//NMG_Python_20_dt_5.50e-06_Nx_512_neumann_dtout_150p,2917991.0,26.018123626708984,586701_58,50p,rivanna_extrap
06/27/2025 14:34:48,Python,NMG,64,0.0300187398257242,5.5e-06,1e-05,2000,10000.0,1,True,periodic,/project/g_bme-janeslab/SarahG/spinodal_decomp_06_2025//NMG_Python_20_dt_5.50e-06_Nx_64_periodic_dtout_125p,40385.0,4.203989028930664,586701_65,25p,rivanna_extrap
06/27/2025 14:36:08,Python,NMG,128,0.0150093699128621,5.5e-06,1e-05,2000,10000.0,20,False,periodic,/project/g_bme-janeslab/SarahG/spinodal_decomp_06_2025//NMG_Python_20_dt_5.50e-06_Nx_128_periodic_dtout_2025p,185631.0,4.765806198120117,586701_77,25p,rivanna_extrap
06/27/2025 14:36:08,Python,NMG,256,0.007504684956431,5.5e-06,1e-05,2000,10000.0,1,True,periodic,/project/g_bme-janeslab/SarahG/spinodal_decomp_06_2025//NMG_Python_20_dt_5.50e-06_Nx_256_periodic_dtout_125p,665760.0,7.014958381652832,586701_81,25p,rivanna_extrap
06/27/2025 14:36:08,Python,NMG,256,0.007504684956431,5.5e-06,1e-05,2000,10000.0,1,True,neumann,/project/g_bme-janeslab/SarahG/spinodal_decomp_06_2025//NMG_Python_20_dt_5.50e-06_Nx_256_neumann_dtout_125p,704524.0,7.016169548034668,586701_82,25p,rivanna_extrap
06/27/2025 14:36:08,Python,NMG,128,0.0150093699128621,5.5e-06,1e-05,2000,10000.0,20,False,neumann,/project/g_bme-janeslab/SarahG/spinodal_decomp_06_2025//NMG_Python_20_dt_5.50e-06_Nx_128_neumann_dtout_2025p,170588.0,4.765356063842773,586701_78,25p,rivanna_extrap
06/27/2025 14:37:18,Python,NMG,256,0.007504684956431,5.5e-06,1e-05,2000,10000.0,20,False,periodic,/project/g_bme-janeslab/SarahG/spinodal_decomp_06_2025//NMG_Python_20_dt_5.50e-06_Nx_256_periodic_dtout_2025p,696935.0,7.0147199630737305,586701_85,25p,rivanna_extrap
06/27/2025 14:37:18,Python,NMG,512,0.0037523424782155,5.5e-06,1e-05,2000,10000.0,1,True,neumann,/project/g_bme-janeslab/SarahG/spinodal_decomp_06_2025//NMG_Python_20_dt_5.50e-06_Nx_512_neumann_dtout_125p,2692707.0,26.015439987182617,586701_90,25p,rivanna_extrap
06/27/2025 14:37:18,Python,NMG,256,0.007504684956431,5.5e-06,1e-05,2000,10000.0,20,False,neumann,/project/g_bme-janeslab/SarahG/spinodal_decomp_06_2025//NMG_Python_20_dt_5.50e-06_Nx_256_neumann_dtout_2025p,686229.0,7.015292167663574,586701_86,25p,rivanna_extrap
06/27/2025 14:37:18,Python,NMG,512,0.0037523424782155,5.5e-06,1e-05,2000,10000.0,1,True,periodic,/project/g_bme-janeslab/SarahG/spinodal_decomp_06_2025//NMG_Python_20_dt_5.50e-06_Nx_512_periodic_dtout_125p,2550037.0,26.013652801513672,586701_89,25p,rivanna_extrap
06/27/2025 14:38:07,Python,NMG,512,0.0037523424782155,5.5e-06,1e-05,2000,10000.0,20,False,periodic,/project/g_bme-janeslab/SarahG/spinodal_decomp_06_2025//NMG_Python_20_dt_5.50e-06_Nx_512_periodic_dtout_2025p,2542430.0,26.016040802001957,586701_93,25p,rivanna_extrap
06/27/2025 14:38:07,Python,NMG,512,0.0037523424782155,5.5e-06,1e-05,2000,10000.0,20,False,neumann,/project/g_bme-janeslab/SarahG/spinodal_decomp_06_2025//NMG_Python_20_dt_5.50e-06_Nx_512_neumann_dtout_2025p,2654212.0,26.01514434814453,586701_94,25p,rivanna_extrap
07/01/2025 13:22:50,Python,SAV,64,0.0300187398257242,5.5e-06,,2000,,10,True,periodic,/project/g_bme-janeslab/SarahG/spinodal_decomp_06_2025//SAV_Python_2000_dt_5.50e-06_Nx_64_periodic_dtout_1075p,71.14131116867065,4.566086769104004,678027_3,75p,rivanna
07/01/2025 13:25:26,Python,SAV,64,0.0300187398257242,5.5e-06,,2000,,10,True,neumann,/project/g_bme-janeslab/SarahG/spinodal_decomp_06_2025//SAV_Python_2000_dt_5.50e-06_Nx_64_neumann_dtout_1075p,84.98510408401489,5.975567817687988,678027_4,75p,rivanna
07/01/2025 13:31:51,Python,SAV,64,0.0300187398257242,5.5e-06,,2000,,2000,False,periodic,/project/g_bme-janeslab/SarahG/spinodal_decomp_06_2025//SAV_Python_2000_dt_5.50e-06_Nx_64_periodic_dtout_200075p,4.5292394161224365,4.418161392211914,678027_7,75p,rivanna
07/01/2025 13:32:55,Python,SAV,64,0.0300187398257242,5.5e-06,,2000,,2000,False,neumann,/project/g_bme-janeslab/SarahG/spinodal_decomp_06_2025//SAV_Python_2000_dt_5.50e-06_Nx_64_neumann_dtout_200075p,13.259649276733398,5.453586578369141,678027_8,75p,rivanna
07/01/2025 13:34:23,Python,SAV,128,0.0150093699128621,5.5e-06,,2000,,10,True,periodic,/project/g_bme-janeslab/SarahG/spinodal_decomp_06_2025//SAV_Python_2000_dt_5.50e-06_Nx_128_periodic_dtout_1075p,124.24441003799438,5.975793838500977,678027_11,75p,rivanna
07/01/2025 13:35:08,Python,SAV,128,0.0150093699128621,5.5e-06,,2000,,10,True,neumann,/project/g_bme-janeslab/SarahG/spinodal_decomp_06_2025//SAV_Python_2000_dt_5.50e-06_Nx_128_neumann_dtout_1075p,171.10391688346863,21.57478618621826,678027_12,75p,rivanna
07/01/2025 13:38:28,Python,SAV,128,0.0150093699128621,5.5e-06,,2000,,2000,False,periodic,/project/g_bme-janeslab/SarahG/spinodal_decomp_06_2025//SAV_Python_2000_dt_5.50e-06_Nx_128_periodic_dtout_200075p,13.97544550895691,5.453398704528809,678027_15,75p,rivanna
07/01/2025 13:40:20,Python,SAV,128,0.0150093699128621,5.5e-06,,2000,,2000,False,neumann,/project/g_bme-janeslab/SarahG/spinodal_decomp_06_2025//SAV_Python_2000_dt_5.50e-06_Nx_128_neumann_dtout_200075p,60.13895273208618,21.56021785736084,678027_16,75p,rivanna
07/01/2025 13:45:55,Python,SAV,256,0.007504684956431,5.5e-06,,2000,,10,True,periodic,/project/g_bme-janeslab/SarahG/spinodal_decomp_06_2025//SAV_Python_2000_dt_5.50e-06_Nx_256_periodic_dtout_1075p,502.3363723754883,21.58022403717041,678027_19,75p,rivanna
07/01/2025 13:46:32,Python,SAV,256,0.007504684956431,5.5e-06,,2000,,10,True,neumann,/project/g_bme-janeslab/SarahG/spinodal_decomp_06_2025//SAV_Python_2000_dt_5.50e-06_Nx_256_neumann_dtout_1075p,753.6544878482819,86.09844970703125,678027_20,75p,rivanna
07/01/2025 13:51:44,Python,SAV,256,0.007504684956431,5.5e-06,,2000,,2000,False,periodic,/project/g_bme-janeslab/SarahG/spinodal_decomp_06_2025//SAV_Python_2000_dt_5.50e-06_Nx_256_periodic_dtout_200075p,62.409751176834106,21.563237190246586,678027_23,75p,rivanna
07/01/2025 13:53:13,Python,SAV,256,0.007504684956431,5.5e-06,,2000,,2000,False,neumann,/project/g_bme-janeslab/SarahG/spinodal_decomp_06_2025//SAV_Python_2000_dt_5.50e-06_Nx_256_neumann_dtout_200075p,310.0967309474945,86.08004856109619,678027_24,75p,rivanna
07/01/2025 13:56:05,Python,SAV,512,0.0037523424782155,5.5e-06,,2000,,10,True,neumann,/project/g_bme-janeslab/SarahG/spinodal_decomp_06_2025//SAV_Python_2000_dt_5.50e-06_Nx_512_neumann_dtout_1075p,3390.436959028244,344.1297082901001,678027_28,75p,rivanna
07/01/2025 13:56:05,Python,SAV,512,0.0037523424782155,5.5e-06,,2000,,10,True,periodic,/project/g_bme-janeslab/SarahG/spinodal_decomp_06_2025//SAV_Python_2000_dt_5.50e-06_Nx_512_periodic_dtout_1075p,2166.909458875656,86.08763694763184,678027_27,75p,rivanna
07/01/2025 13:59:31,Python,SAV,512,0.0037523424782155,5.5e-06,,2000,,2000,False,periodic,/project/g_bme-janeslab/SarahG/spinodal_decomp_06_2025//SAV_Python_2000_dt_5.50e-06_Nx_512_periodic_dtout_200075p,323.18658351898193,86.07581043243408,678027_31,75p,rivanna
07/01/2025 13:59:31,Python,SAV,512,0.0037523424782155,5.5e-06,,2000,,2000,False,neumann,/project/g_bme-janeslab/SarahG/spinodal_decomp_06_2025//SAV_Python_2000_dt_5.50e-06_Nx_512_neumann_dtout_200075p,1434.7079393863678,344.108943939209,678027_32,75p,rivanna
07/01/2025 14:01:49,Python,SAV,64,0.0300187398257242,5.5e-06,,2000,,10,True,periodic,/project/g_bme-janeslab/SarahG/spinodal_decomp_06_2025//SAV_Python_2000_dt_5.50e-06_Nx_64_periodic_dtout_1050p,32.955910444259644,4.569929122924805,678027_35,50p,rivanna
07/01/2025 14:03:08,Python,SAV,64,0.0300187398257242,5.5e-06,,2000,,10,True,neumann,/project/g_bme-janeslab/SarahG/spinodal_decomp_06_2025//SAV_Python_2000_dt_5.50e-06_Nx_64_neumann_dtout_1050p,41.27250003814697,5.977445602416992,678027_36,50p,rivanna
07/01/2025 14:05:30,Python,SAV,64,0.0300187398257242,5.5e-06,,2000,,2000,False,periodic,/project/g_bme-janeslab/SarahG/spinodal_decomp_06_2025//SAV_Python_2000_dt_5.50e-06_Nx_64_periodic_dtout_200050p,4.38532304763794,4.417790412902832,678027_39,50p,rivanna
07/01/2025 14:06:40,Python,SAV,64,0.0300187398257242,5.5e-06,,2000,,2000,False,neumann,/project/g_bme-janeslab/SarahG/spinodal_decomp_06_2025//SAV_Python_2000_dt_5.50e-06_Nx_64_neumann_dtout_200050p,13.210806131362917,5.453165054321289,678027_40,50p,rivanna
07/01/2025 14:07:31,Python,SAV,128,0.0150093699128621,5.5e-06,,2000,,10,True,neumann,/project/g_bme-janeslab/SarahG/spinodal_decomp_06_2025//SAV_Python_2000_dt_5.50e-06_Nx_128_neumann_dtout_1050p,172.6498725414276,21.576881408691406,678027_44,50p,rivanna
07/01/2025 14:07:31,Python,SAV,128,0.0150093699128621,5.5e-06,,2000,,10,True,periodic,/project/g_bme-janeslab/SarahG/spinodal_decomp_06_2025//SAV_Python_2000_dt_5.50e-06_Nx_128_periodic_dtout_1050p,123.93097066879272,5.975427627563477,678027_43,50p,rivanna
07/01/2025 14:11:17,Python,SAV,128,0.0150093699128621,5.5e-06,,2000,,2000,False,periodic,/project/g_bme-janeslab/SarahG/spinodal_decomp_06_2025//SAV_Python_2000_dt_5.50e-06_Nx_128_periodic_dtout_200050p,13.806239128112791,5.452859878540039,678027_47,50p,rivanna
07/01/2025 14:11:18,Python,SAV,128,0.0150093699128621,5.5e-06,,2000,,2000,False,neumann,/project/g_bme-janeslab/SarahG/spinodal_decomp_06_2025//SAV_Python_2000_dt_5.50e-06_Nx_128_neumann_dtout_200050p,60.27601337432861,21.56223964691162,678027_48,50p,rivanna
07/01/2025 14:11:59,Python,SAV,256,0.007504684956431,5.5e-06,,2000,,10,True,periodic,/project/g_bme-janeslab/SarahG/spinodal_decomp_06_2025//SAV_Python_2000_dt_5.50e-06_Nx_256_periodic_dtout_1050p,503.6249973773956,21.58304023742676,678027_51,50p,rivanna
07/01/2025 14:12:00,Python,SAV,256,0.007504684956431,5.5e-06,,2000,,10,True,neumann,/project/g_bme-janeslab/SarahG/spinodal_decomp_06_2025//SAV_Python_2000_dt_5.50e-06_Nx_256_neumann_dtout_1050p,754.5562942028046,86.0959358215332,678027_52,50p,rivanna
07/01/2025 14:13:22,Python,SAV,256,0.007504684956431,5.5e-06,,2000,,2000,False,neumann,/project/g_bme-janeslab/SarahG/spinodal_decomp_06_2025//SAV_Python_2000_dt_5.50e-06_Nx_256_neumann_dtout_200050p,311.2727100849152,86.08282852172852,678027_56,50p,rivanna
07/01/2025 14:13:22,Python,SAV,256,0.007504684956431,5.5e-06,,2000,,2000,False,periodic,/project/g_bme-janeslab/SarahG/spinodal_decomp_06_2025//SAV_Python_2000_dt_5.50e-06_Nx_256_periodic_dtout_200050p,62.66833972930908,21.562832832336422,678027_55,50p,rivanna
07/01/2025 14:19:11,Python,SAV,512,0.0037523424782155,5.5e-06,,2000,,10,True,periodic,/project/g_bme-janeslab/SarahG/spinodal_decomp_06_2025//SAV_Python_2000_dt_5.50e-06_Nx_512_periodic_dtout_1050p,2183.098124265671,86.09671783447266,678027_59,50p,rivanna
07/01/2025 14:19:53,Python,SAV,512,0.0037523424782155,5.5e-06,,2000,,10,True,neumann,/project/g_bme-janeslab/SarahG/spinodal_decomp_06_2025//SAV_Python_2000_dt_5.50e-06_Nx_512_neumann_dtout_1050p,3518.3079006671906,344.1265048980713,678027_60,50p,rivanna
07/01/2025 14:28:58,Python,SAV,512,0.0037523424782155,5.5e-06,,2000,,2000,False,periodic,/project/g_bme-janeslab/SarahG/spinodal_decomp_06_2025//SAV_Python_2000_dt_5.50e-06_Nx_512_periodic_dtout_200050p,316.0043740272522,86.07555770874023,678027_63,50p,rivanna
07/01/2025 14:28:58,Python,SAV,512,0.0037523424782155,5.5e-06,,2000,,2000,False,neumann,/project/g_bme-janeslab/SarahG/spinodal_decomp_06_2025//SAV_Python_2000_dt_5.50e-06_Nx_512_neumann_dtout_200050p,1478.1874930858612,344.1134424209595,678027_64,50p,rivanna
07/01/2025 14:30:14,Python,SAV,64,0.0300187398257242,5.5e-06,,2000,,10,True,periodic,/project/g_bme-janeslab/SarahG/spinodal_decomp_06_2025//SAV_Python_2000_dt_5.50e-06_Nx_64_periodic_dtout_1025p,32.67975234985352,4.56710147857666,678027_67,25p,rivanna
07/01/2025 14:31:56,Python,SAV,64,0.0300187398257242,5.5e-06,,2000,,10,True,neumann,/project/g_bme-janeslab/SarahG/spinodal_decomp_06_2025//SAV_Python_2000_dt_5.50e-06_Nx_64_neumann_dtout_1025p,41.87217974662781,5.982759475708008,678027_68,25p,rivanna
07/01/2025 14:32:32,Python,SAV,64,0.0300187398257242,5.5e-06,,2000,,2000,False,periodic,/project/g_bme-janeslab/SarahG/spinodal_decomp_06_2025//SAV_Python_2000_dt_5.50e-06_Nx_64_periodic_dtout_200025p,4.36881160736084,4.417651176452637,678027_71,25p,rivanna
07/01/2025 14:32:32,Python,SAV,64,0.0300187398257242,5.5e-06,,2000,,2000,False,neumann,/project/g_bme-janeslab/SarahG/spinodal_decomp_06_2025//SAV_Python_2000_dt_5.50e-06_Nx_64_neumann_dtout_200025p,13.19140911102295,5.453024864196777,678027_72,25p,rivanna
07/01/2025 14:33:11,Python,SAV,128,0.0150093699128621,5.5e-06,,2000,,10,True,periodic,/project/g_bme-janeslab/SarahG/spinodal_decomp_06_2025//SAV_Python_2000_dt_5.50e-06_Nx_128_periodic_dtout_1025p,125.43728613853456,5.972451210021973,678027_75,25p,rivanna
07/01/2025 14:33:11,Python,SAV,128,0.0150093699128621,5.5e-06,,2000,,10,True,neumann,/project/g_bme-janeslab/SarahG/spinodal_decomp_06_2025//SAV_Python_2000_dt_5.50e-06_Nx_128_neumann_dtout_1025p,170.84644055366516,21.5793514251709,678027_76,25p,rivanna
07/01/2025 14:33:11,Python,SAV,128,0.0150093699128621,5.5e-06,,2000,,2000,False,periodic,/project/g_bme-janeslab/SarahG/spinodal_decomp_06_2025//SAV_Python_2000_dt_5.50e-06_Nx_128_periodic_dtout_200025p,13.76268982887268,5.452816009521484,678027_79,25p,rivanna
07/01/2025 14:34:03,Python,SAV,256,0.007504684956431,5.5e-06,,2000,,10,True,neumann,/project/g_bme-janeslab/SarahG/spinodal_decomp_06_2025//SAV_Python_2000_dt_5.50e-06_Nx_256_neumann_dtout_1025p,756.8285233974457,86.09747314453125,678027_84,25p,rivanna
07/01/2025 14:34:04,Python,SAV,256,0.007504684956431,5.5e-06,,2000,,10,True,periodic,/project/g_bme-janeslab/SarahG/spinodal_decomp_06_2025//SAV_Python_2000_dt_5.50e-06_Nx_256_periodic_dtout_1025p,512.3423497676849,21.58237934112549,678027_83,25p,rivanna
07/01/2025 14:34:04,Python,SAV,128,0.0150093699128621,5.5e-06,,2000,,2000,False,neumann,/project/g_bme-janeslab/SarahG/spinodal_decomp_06_2025//SAV_Python_2000_dt_5.50e-06_Nx_128_neumann_dtout_200025p,59.865691900253296,21.56132984161377,678027_80,25p,rivanna
07/01/2025 14:35:55,Python,SAV,256,0.007504684956431,5.5e-06,,2000,,2000,False,periodic,/project/g_bme-janeslab/SarahG/spinodal_decomp_06_2025//SAV_Python_2000_dt_5.50e-06_Nx_256_periodic_dtout_200025p,62.23850464820862,21.56439971923828,678027_87,25p,rivanna
07/01/2025 14:35:55,Python,SAV,256,0.007504684956431,5.5e-06,,2000,,2000,False,neumann,/project/g_bme-janeslab/SarahG/spinodal_decomp_06_2025//SAV_Python_2000_dt_5.50e-06_Nx_256_neumann_dtout_200025p,304.6573839187622,86.0795431137085,678027_88,25p,rivanna
07/01/2025 14:38:36,Python,SAV,512,0.0037523424782155,5.5e-06,,2000,,10,True,periodic,/project/g_bme-janeslab/SarahG/spinodal_decomp_06_2025//SAV_Python_2000_dt_5.50e-06_Nx_512_periodic_dtout_1025p,4767.189473867416,86.09759616851807,678027_91,25p,rivanna
07/01/2025 14:39:46,Python,SAV,512,0.0037523424782155,5.5e-06,,2000,,10,True,neumann,/project/g_bme-janeslab/SarahG/spinodal_decomp_06_2025//SAV_Python_2000_dt_5.50e-06_Nx_512_neumann_dtout_1025p,3522.6173815727234,344.13014221191406,678027_92,25p,rivanna
07/01/2025 14:43:28,Python,SAV,512,0.0037523424782155,5.5e-06,,2000,,2000,False,periodic,/project/g_bme-janeslab/SarahG/spinodal_decomp_06_2025//SAV_Python_2000_dt_5.50e-06_Nx_512_periodic_dtout_200025p,318.8002359867096,86.07550716400146,678027_95,25p,rivanna
07/01/2025 14:43:28,Python,SAV,512,0.0037523424782155,5.5e-06,,2000,,2000,False,neumann,/project/g_bme-janeslab/SarahG/spinodal_decomp_06_2025//SAV_Python_2000_dt_5.50e-06_Nx_512_neumann_dtout_200025p,1486.997710943222,344.1082363128662,678027_96,25p,rivanna
07/01/2025 15:07:00,Julia,NMG,64,0.0300187398257242,5.5e-06,1e-05,2000,10000.0,2000,False,neumann,/project/g_bme-janeslab/SarahG/spinodal_decomp_06_2025/out_julia/NMG_Julia_2000_dt_5.50e-06_Nx_64_neumann_dtout_200025p_,25.062285848,14314.632296,684313_1,25p,rivanna
07/01/2025 15:07:00,Julia,NMG,64,0.0300187398257242,5.5e-06,1e-05,2000,10000.0,10,True,neumann,/project/g_bme-janeslab/SarahG/spinodal_decomp_06_2025/out_julia/NMG_Julia_2000_dt_5.50e-06_Nx_64_neumann_dtout_1025p_,24.105780899,14739.2782,684313_2,25p,rivanna
07/01/2025 15:10:06,Julia,NMG,512,0.0037523424782155,5.5e-06,1e-05,2000,10000.0,2000,False,neumann,/project/g_bme-janeslab/SarahG/spinodal_decomp_06_2025/out_julia/NMG_Julia_2000_dt_5.50e-06_Nx_512_neumann_dtout_200075p_,24957.033795159,8902281.355624,684313_3,75p,rivanna
07/01/2025 15:10:45,Julia,SAV,64,0.0300187398257242,5.5e-06,,2000,,2000,False,neumann,/project/g_bme-janeslab/SarahG/spinodal_decomp_06_2025/out_julia/SAV_Julia_2000_dt_5.50e-06_Nx_64_neumann_dtout_200050p_,16.314670403,39556.005801,684313_4,50p,rivanna
07/01/2025 15:11:18,Julia,SAV,64,0.0300187398257242,5.5e-06,,2000,,10,True,neumann,/project/g_bme-janeslab/SarahG/spinodal_decomp_06_2025/out_julia/SAV_Julia_2000_dt_5.50e-06_Nx_64_neumann_dtout_1050p_,14.908542848,40111.155209,684313_5,50p,rivanna
07/01/2025 15:14:46,Julia,SAV,256,0.007504684956431,5.5e-06,,2000,,2000,False,neumann,/project/g_bme-janeslab/SarahG/spinodal_decomp_06_2025/out_julia/SAV_Julia_2000_dt_5.50e-06_Nx_256_neumann_dtout_200025p_,360.832389937,626555.808393,684313_9,25p,rivanna
07/01/2025 15:14:47,Julia,SAV,256,0.007504684956431,5.5e-06,,2000,,10,True,neumann,/project/g_bme-janeslab/SarahG/spinodal_decomp_06_2025/out_julia/SAV_Julia_2000_dt_5.50e-06_Nx_256_neumann_dtout_1075p_,412.160997441,635267.788505,684313_8,75p,rivanna
07/01/2025 15:14:47,Julia,SAV,64,0.0300187398257242,5.5e-06,,2000,,2000,False,neumann,/project/g_bme-janeslab/SarahG/spinodal_decomp_06_2025/out_julia/SAV_Julia_2000_dt_5.50e-06_Nx_64_neumann_dtout_200025p_,22.786798734,39556.007593,684313_6,25p,rivanna
23-Jun-2025 12:25:48,MATLAB,SAV,64,0.030019,5.5e-06,,2000,,2000,False,neumann,/project/g_bme-janeslab/SarahG/spinodal_decomp_06_2025/out_MATLAB/SAV_MATLAB_2000_dt_5.50e-06_Nx_64_neumann_n_relax_475p_,8.1194,,396049_8,75p,rivanna
23-Jun-2025 12:26:03,MATLAB,SAV,128,0.015009,5.5e-06,,2000,,2000,False,neumann,/project/g_bme-janeslab/SarahG/spinodal_decomp_06_2025/out_MATLAB/SAV_MATLAB_2000_dt_5.50e-06_Nx_128_neumann_n_relax_475p_,17.6266,,396049_16,75p,rivanna
23-Jun-2025 12:26:28,MATLAB,NMG,64,0.030019,5.5e-06,1e-05,2000,10000.0,2000,False,neumann,/project/g_bme-janeslab/SarahG/spinodal_decomp_06_2025/out_MATLAB/NMG_MATLAB_2000_dt_5.50e-06_Nx_64_neumann_n_relax_475p_,49.0651,,396049_6,75p,rivanna
23-Jun-2025 12:26:38,MATLAB,SAV,256,0.0075047,5.5e-06,,2000,,2000,False,neumann,/project/g_bme-janeslab/SarahG/spinodal_decomp_06_2025/out_MATLAB/SAV_MATLAB_2000_dt_5.50e-06_Nx_256_neumann_n_relax_475p_,50.7101,,396049_24,75p,rivanna
23-Jun-2025 12:26:40,MATLAB,SAV,64,0.030019,5.5e-06,,2000,,10,True,neumann,/project/g_bme-janeslab/SarahG/spinodal_decomp_06_2025/out_MATLAB/SAV_MATLAB_2000_dt_5.50e-06_Nx_64_neumann_n_relax_475p_,9.202,,396049_4,75p,rivanna
23-Jun-2025 12:27:16,MATLAB,SAV,128,0.015009,5.5e-06,,2000,,10,True,neumann,/project/g_bme-janeslab/SarahG/spinodal_decomp_06_2025/out_MATLAB/SAV_MATLAB_2000_dt_5.50e-06_Nx_128_neumann_n_relax_475p_,20.831,,396049_12,75p,rivanna
23-Jun-2025 12:27:19,MATLAB,NMG,64,0.030019,5.5e-06,1e-05,2000,10000.0,10,True,neumann,/project/g_bme-janeslab/SarahG/spinodal_decomp_06_2025/out_MATLAB/NMG_MATLAB_2000_dt_5.50e-06_Nx_64_neumann_n_relax_475p_,49.1392,,396049_2,75p,rivanna
23-Jun-2025 12:28:31,MATLAB,SAV,64,0.030019,5.5e-06,,2000,,2000,False,neumann,/project/g_bme-janeslab/SarahG/spinodal_decomp_06_2025/out_MATLAB/SAV_MATLAB_2000_dt_5.50e-06_Nx_64_neumann_n_relax_450p_,7.5411,,396049_40,50p,rivanna
23-Jun-2025 12:28:41,MATLAB,SAV,64,0.030019,5.5e-06,,2000,,10,True,neumann,/project/g_bme-janeslab/SarahG/spinodal_decomp_06_2025/out_MATLAB/SAV_MATLAB_2000_dt_5.50e-06_Nx_64_neumann_n_relax_450p_,8.5516,,396049_36,50p,rivanna
23-Jun-2025 12:28:43,MATLAB,SAV,128,0.015009,5.5e-06,,2000,,2000,False,neumann,/project/g_bme-janeslab/SarahG/spinodal_decomp_06_2025/out_MATLAB/SAV_MATLAB_2000_dt_5.50e-06_Nx_128_neumann_n_relax_450p_,18.0741,,396049_48,50p,rivanna
23-Jun-2025 12:29:11,MATLAB,NMG,64,0.030019,5.5e-06,1e-05,2000,10000.0,2000,False,neumann,/project/g_bme-janeslab/SarahG/spinodal_decomp_06_2025/out_MATLAB/NMG_MATLAB_2000_dt_5.50e-06_Nx_64_neumann_n_relax_450p_,48.2034,,396049_38,50p,rivanna
23-Jun-2025 12:29:16,MATLAB,SAV,256,0.0075047,5.5e-06,,2000,,2000,False,neumann,/project/g_bme-janeslab/SarahG/spinodal_decomp_06_2025/out_MATLAB/SAV_MATLAB_2000_dt_5.50e-06_Nx_256_neumann_n_relax_450p_,50.6939,,396049_56,50p,rivanna
23-Jun-2025 12:29:29,MATLAB,NMG,64,0.030019,5.5e-06,1e-05,2000,10000.0,10,True,neumann,/project/g_bme-janeslab/SarahG/spinodal_decomp_06_2025/out_MATLAB/NMG_MATLAB_2000_dt_5.50e-06_Nx_64_neumann_n_relax_450p_,85.8778,,396049_34,50p,rivanna
23-Jun-2025 12:29:51,MATLAB,SAV,256,0.0075047,5.5e-06,,2000,,10,True,neumann,/project/g_bme-janeslab/SarahG/spinodal_decomp_06_2025/out_MATLAB/SAV_MATLAB_2000_dt_5.50e-06_Nx_256_neumann_n_relax_475p_,58.9307,,396049_20,75p,rivanna
23-Jun-2025 12:30:02,MATLAB,NMG,64,0.030019,5.5e-06,1e-05,2000,10000.0,10,True,neumann,/project/g_bme-janeslab/SarahG/spinodal_decomp_06_2025/out_MATLAB/NMG_MATLAB_2000_dt_5.50e-06_Nx_64_neumann_n_relax_425p_,49.2656,,396049_66,25p,rivanna
23-Jun-2025 12:30:03,MATLAB,SAV,128,0.015009,5.5e-06,,2000,,10,True,neumann,/project/g_bme-janeslab/SarahG/spinodal_decomp_06_2025/out_MATLAB/SAV_MATLAB_2000_dt_5.50e-06_Nx_128_neumann_n_relax_450p_,22.0772,,396049_44,50p,rivanna
23-Jun-2025 12:30:04,MATLAB,NMG,128,0.015009,5.5e-06,1e-05,2000,10000.0,2000,False,neumann,/project/g_bme-janeslab/SarahG/spinodal_decomp_06_2025/out_MATLAB/NMG_MATLAB_2000_dt_5.50e-06_Nx_128_neumann_n_relax_475p_,243.6268,,396049_14,75p,rivanna
23-Jun-2025 12:31:00,MATLAB,NMG,128,0.015009,5.5e-06,1e-05,2000,10000.0,10,True,neumann,/project/g_bme-janeslab/SarahG/spinodal_decomp_06_2025/out_MATLAB/NMG_MATLAB_2000_dt_5.50e-06_Nx_128_neumann_n_relax_475p_,243.6955,,396049_10,75p,rivanna
23-Jun-2025 12:31:35,MATLAB,SAV,64,0.030019,5.5e-06,,2000,,10,True,neumann,/project/g_bme-janeslab/SarahG/spinodal_decomp_06_2025/out_MATLAB/SAV_MATLAB_2000_dt_5.50e-06_Nx_64_neumann_n_relax_425p_,14.6469,,396049_68,25p,rivanna
23-Jun-2025 12:31:36,MATLAB,SAV,512,0.0037523,5.5e-06,,2000,,2000,False,neumann,/project/g_bme-janeslab/SarahG/spinodal_decomp_06_2025/out_MATLAB/SAV_MATLAB_2000_dt_5.50e-06_Nx_512_neumann_n_relax_450p_,192.929,,396049_64,50p,rivanna
23-Jun-2025 12:31:38,MATLAB,SAV,512,0.0037523,5.5e-06,,2000,,2000,False,neumann,/project/g_bme-janeslab/SarahG/spinodal_decomp_06_2025/out_MATLAB/SAV_MATLAB_2000_dt_5.50e-06_Nx_512_neumann_n_relax_475p_,272.3111,,396049_32,75p,rivanna
23-Jun-2025 12:32:01,MATLAB,SAV,64,0.030019,5.5e-06,,2000,,2000,False,neumann,/project/g_bme-janeslab/SarahG/spinodal_decomp_06_2025/out_MATLAB/SAV_MATLAB_2000_dt_5.50e-06_Nx_64_neumann_n_relax_425p_,10.8251,,396049_72,25p,rivanna
23-Jun-2025 12:32:47,MATLAB,NMG,128,0.015009,5.5e-06,1e-05,2000,10000.0,2000,False,neumann,/project/g_bme-janeslab/SarahG/spinodal_decomp_06_2025/out_MATLAB/NMG_MATLAB_2000_dt_5.50e-06_Nx_128_neumann_n_relax_450p_,263.2739,,396049_46,50p,rivanna
23-Jun-2025 12:32:48,MATLAB,SAV,256,0.0075047,5.5e-06,,2000,,10,True,neumann,/project/g_bme-janeslab/SarahG/spinodal_decomp_06_2025/out_MATLAB/SAV_MATLAB_2000_dt_5.50e-06_Nx_256_neumann_n_relax_450p_,57.5471,,396049_52,50p,rivanna
23-Jun-2025 12:33:17,MATLAB,NMG,64,0.030019,5.5e-06,1e-05,2000,10000.0,2000,False,neumann,/project/g_bme-janeslab/SarahG/spinodal_decomp_06_2025/out_MATLAB/NMG_MATLAB_2000_dt_5.50e-06_Nx_64_neumann_n_relax_425p_,84.2671,,396049_70,25p,rivanna
23-Jun-2025 12:34:07,MATLAB,NMG,128,0.015009,5.5e-06,1e-05,2000,10000.0,10,True,neumann,/project/g_bme-janeslab/SarahG/spinodal_decomp_06_2025/out_MATLAB/NMG_MATLAB_2000_dt_5.50e-06_Nx_128_neumann_n_relax_450p_,265.4096,,396049_42,50p,rivanna
23-Jun-2025 12:34:53,MATLAB,SAV,128,0.015009,5.5e-06,,2000,,10,True,neumann,/project/g_bme-janeslab/SarahG/spinodal_decomp_06_2025/out_MATLAB/SAV_MATLAB_2000_dt_5.50e-06_Nx_128_neumann_n_relax_425p_,21.0715,,396049_76,25p,rivanna
23-Jun-2025 12:35:15,MATLAB,SAV,128,0.015009,5.5e-06,,2000,,2000,False,neumann,/project/g_bme-janeslab/SarahG/spinodal_decomp_06_2025/out_MATLAB/SAV_MATLAB_2000_dt_5.50e-06_Nx_128_neumann_n_relax_425p_,27.6939,,396049_80,25p,rivanna
23-Jun-2025 12:38:08,MATLAB,SAV,512,0.0037523,5.5e-06,,2000,,10,True,neumann,/project/g_bme-janeslab/SarahG/spinodal_decomp_06_2025/out_MATLAB/SAV_MATLAB_2000_dt_5.50e-06_Nx_512_neumann_n_relax_475p_,211.3719,,396049_28,75p,rivanna
23-Jun-2025 12:38:35,MATLAB,SAV,256,0.0075047,5.5e-06,,2000,,2000,False,neumann,/project/g_bme-janeslab/SarahG/spinodal_decomp_06_2025/out_MATLAB/SAV_MATLAB_2000_dt_5.50e-06_Nx_256_neumann_n_relax_425p_,83.1519,,396049_88,25p,rivanna
23-Jun-2025 12:40:16,MATLAB,NMG,128,0.015009,5.5e-06,1e-05,2000,10000.0,10,True,neumann,/project/g_bme-janeslab/SarahG/spinodal_decomp_06_2025/out_MATLAB/NMG_MATLAB_2000_dt_5.50e-06_Nx_128_neumann_n_relax_425p_,399.4348,,396049_74,25p,rivanna
23-Jun-2025 12:41:23,MATLAB,NMG,128,0.015009,5.5e-06,1e-05,2000,10000.0,2000,False,neumann,/project/g_bme-janeslab/SarahG/spinodal_decomp_06_2025/out_MATLAB/NMG_MATLAB_2000_dt_5.50e-06_Nx_128_neumann_n_relax_425p_,396.0804,,396049_78,25p,rivanna
23-Jun-2025 12:42:14,MATLAB,SAV,512,0.0037523,5.5e-06,,2000,,10,True,neumann,/project/g_bme-janeslab/SarahG/spinodal_decomp_06_2025/out_MATLAB/SAV_MATLAB_2000_dt_5.50e-06_Nx_512_neumann_n_relax_450p_,214.8736,,396049_60,50p,rivanna
23-Jun-2025 12:42:50,MATLAB,NMG,256,0.0075047,5.5e-06,1e-05,2000,10000.0,2000,False,neumann,/project/g_bme-janeslab/SarahG/spinodal_decomp_06_2025/out_MATLAB/NMG_MATLAB_2000_dt_5.50e-06_Nx_256_neumann_n_relax_475p_,1016.8808,,396049_22,75p,rivanna
23-Jun-2025 12:43:32,MATLAB,SAV,256,0.0075047,5.5e-06,,2000,,10,True,neumann,/project/g_bme-janeslab/SarahG/spinodal_decomp_06_2025/out_MATLAB/SAV_MATLAB_2000_dt_5.50e-06_Nx_256_neumann_n_relax_425p_,83.9305,,396049_84,25p,rivanna
23-Jun-2025 12:44:50,MATLAB,SAV,512,0.0037523,5.5e-06,,2000,,2000,False,neumann,/project/g_bme-janeslab/SarahG/spinodal_decomp_06_2025/out_MATLAB/SAV_MATLAB_2000_dt_5.50e-06_Nx_512_neumann_n_relax_425p_,256.7646,,396049_96,25p,rivanna
23-Jun-2025 12:45:39,MATLAB,NMG,256,0.0075047,5.5e-06,1e-05,2000,10000.0,2000,False,neumann,/project/g_bme-janeslab/SarahG/spinodal_decomp_06_2025/out_MATLAB/NMG_MATLAB_2000_dt_5.50e-06_Nx_256_neumann_n_relax_450p_,1034.6383,,396049_54,50p,rivanna
23-Jun-2025 12:46:01,MATLAB,NMG,256,0.0075047,5.5e-06,1e-05,2000,10000.0,10,True,neumann,/project/g_bme-janeslab/SarahG/spinodal_decomp_06_2025/out_MATLAB/NMG_MATLAB_2000_dt_5.50e-06_Nx_256_neumann_n_relax_475p_,1029.0246,,396049_18,75p,rivanna
23-Jun-2025 12:48:47,MATLAB,NMG,256,0.0075047,5.5e-06,1e-05,2000,10000.0,10,True,neumann,/project/g_bme-janeslab/SarahG/spinodal_decomp_06_2025/out_MATLAB/NMG_MATLAB_2000_dt_5.50e-06_Nx_256_neumann_n_relax_450p_,1038.6756,,396049_50,50p,rivanna
23-Jun-2025 12:59:53,MATLAB,SAV,512,0.0037523,5.5e-06,,2000,,10,True,neumann,/project/g_bme-janeslab/SarahG/spinodal_decomp_06_2025/out_MATLAB/SAV_MATLAB_2000_dt_5.50e-06_Nx_512_neumann_n_relax_425p_,320.8636,,396049_92,25p,rivanna
23-Jun-2025 13:05:41,MATLAB,NMG,256,0.0075047,5.5e-06,1e-05,2000,10000.0,2000,False,neumann,/project/g_bme-janeslab/SarahG/spinodal_decomp_06_2025/out_MATLAB/NMG_MATLAB_2000_dt_5.50e-06_Nx_256_neumann_n_relax_425p_,1706.6299,,396049_86,25p,rivanna
23-Jun-2025 13:10:14,MATLAB,NMG,256,0.0075047,5.5e-06,1e-05,2000,10000.0,10,True,neumann,/project/g_bme-janeslab/SarahG/spinodal_decomp_06_2025/out_MATLAB/NMG_MATLAB_2000_dt_5.50e-06_Nx_256_neumann_n_relax_425p_,1757.4789,,396049_82,25p,rivanna
23-Jun-2025 13:36:22,MATLAB,NMG,512,0.0037523,5.5e-06,1e-05,2000,10000.0,2000,False,neumann,/project/g_bme-janeslab/SarahG/spinodal_decomp_06_2025/out_MATLAB/NMG_MATLAB_2000_dt_5.50e-06_Nx_512_neumann_n_relax_450p_,4078.9002,,396049_62,50p,rivanna
23-Jun-2025 13:46:34,MATLAB,NMG,512,0.0037523,5.5e-06,1e-05,2000,10000.0,10,True,neumann,/project/g_bme-janeslab/SarahG/spinodal_decomp_06_2025/out_MATLAB/NMG_MATLAB_2000_dt_5.50e-06_Nx_512_neumann_n_relax_475p_,4265.8956,,396049_26,75p,rivanna
23-Jun-2025 13:48:10,MATLAB,NMG,512,0.0037523,5.5e-06,1e-05,2000,10000.0,2000,False,neumann,/project/g_bme-janeslab/SarahG/spinodal_decomp_06_2025/out_MATLAB/NMG_MATLAB_2000_dt_5.50e-06_Nx_512_neumann_n_relax_425p_,4057.7157,,396049_94,25p,rivanna
23-Jun-2025 13:49:19,MATLAB,NMG,512,0.0037523,5.5e-06,1e-05,2000,10000.0,10,True,neumann,/project/g_bme-janeslab/SarahG/spinodal_decomp_06_2025/out_MATLAB/NMG_MATLAB_2000_dt_5.50e-06_Nx_512_neumann_n_relax_450p_,4183.7999,,396049_58,50p,rivanna
23-Jun-2025 14:19:09,MATLAB,NMG,512,0.0037523,5.5e-06,1e-05,2000,10000.0,2000,False,neumann,/project/g_bme-janeslab/SarahG/spinodal_decomp_06_2025/out_MATLAB/NMG_MATLAB_2000_dt_5.50e-06_Nx_512_neumann_n_relax_475p_,6709.077,,396049_30,75p,rivanna
23-Jun-2025 15:01:44,MATLAB,NMG,512,0.0037523,5.5e-06,1e-05,2000,10000.0,10,True,neumann,/project/g_bme-janeslab/SarahG/spinodal_decomp_06_2025/out_MATLAB/NMG_MATLAB_2000_dt_5.50e-06_Nx_512_neumann_n_relax_425p_,7609.9703,,396049_90,25p,rivanna
23-Jun-2025 15:24:39,MATLAB,SAV,64,0.030019,5.5e-06,,2000,,2000,False,periodic,/project/g_bme-janeslab/SarahG/spinodal_decomp_06_2025/out_MATLAB/SAV_MATLAB_2000_dt_5.50e-06_Nx_64_periodic_n_relax_475p_,5.0764,,403170_7,75p,rivanna
23-Jun-2025 15:24:39,MATLAB,SAV,128,0.015009,5.5e-06,,2000,,2000,False,periodic,/project/g_bme-janeslab/SarahG/spinodal_decomp_06_2025/out_MATLAB/SAV_MATLAB_2000_dt_5.50e-06_Nx_128_periodic_n_relax_475p_,17.2923,,403170_15,75p,rivanna
23-Jun-2025 15:24:52,MATLAB,SAV,256,0.0075047,5.5e-06,,2000,,2000,False,periodic,/project/g_bme-janeslab/SarahG/spinodal_decomp_06_2025/out_MATLAB/SAV_MATLAB_2000_dt_5.50e-06_Nx_256_periodic_n_relax_475p_,27.5261,,403170_23,75p,rivanna
23-Jun-2025 15:24:57,MATLAB,SAV,64,0.030019,5.5e-06,,2000,,2000,False,periodic,/project/g_bme-janeslab/SarahG/spinodal_decomp_06_2025/out_MATLAB/SAV_MATLAB_2000_dt_5.50e-06_Nx_64_periodic_n_relax_450p_,4.3849,,403170_39,50p,rivanna
23-Jun-2025 15:25:40,MATLAB,NMG,64,0.030019,5.5e-06,1e-05,2000,10000.0,2000,False,periodic,/project/g_bme-janeslab/SarahG/spinodal_decomp_06_2025/out_MATLAB/NMG_MATLAB_2000_dt_5.50e-06_Nx_64_periodic_n_relax_475p_,80.1096,,403170_5,75p,rivanna
23-Jun-2025 15:25:49,MATLAB,SAV,128,0.015009,5.5e-06,,2000,,2000,False,periodic,/project/g_bme-janeslab/SarahG/spinodal_decomp_06_2025/out_MATLAB/SAV_MATLAB_2000_dt_5.50e-06_Nx_128_periodic_n_relax_450p_,14.851,,403170_47,50p,rivanna
23-Jun-2025 15:26:08,MATLAB,SAV,64,0.030019,5.5e-06,,2000,,10,True,periodic,/project/g_bme-janeslab/SarahG/spinodal_decomp_06_2025/out_MATLAB/SAV_MATLAB_2000_dt_5.50e-06_Nx_64_periodic_n_relax_475p_,7.2419,,403170_3,75p,rivanna
23-Jun-2025 15:26:12,MATLAB,SAV,64,0.030019,5.5e-06,,2000,,10,True,periodic,/project/g_bme-janeslab/SarahG/spinodal_decomp_06_2025/out_MATLAB/SAV_MATLAB_2000_dt_5.50e-06_Nx_64_periodic_n_relax_450p_,6.3459,,403170_35,50p,rivanna
23-Jun-2025 15:26:19,MATLAB,NMG,64,0.030019,5.5e-06,1e-05,2000,10000.0,2000,False,periodic,/project/g_bme-janeslab/SarahG/spinodal_decomp_06_2025/out_MATLAB/NMG_MATLAB_2000_dt_5.50e-06_Nx_64_periodic_n_relax_450p_,79.9252,,403170_37,50p,rivanna
23-Jun-2025 15:26:42,MATLAB,SAV,256,0.0075047,5.5e-06,,2000,,2000,False,periodic,/project/g_bme-janeslab/SarahG/spinodal_decomp_06_2025/out_MATLAB/SAV_MATLAB_2000_dt_5.50e-06_Nx_256_periodic_n_relax_450p_,30.3381,,403170_55,50p,rivanna
23-Jun-2025 15:26:44,MATLAB,SAV,512,0.0037523,5.5e-06,,2000,,2000,False,periodic,/project/g_bme-janeslab/SarahG/spinodal_decomp_06_2025/out_MATLAB/SAV_MATLAB_2000_dt_5.50e-06_Nx_512_periodic_n_relax_475p_,101.6579,,403170_31,75p,rivanna
23-Jun-2025 15:26:51,MATLAB,SAV,128,0.015009,5.5e-06,,2000,,10,True,periodic,/project/g_bme-janeslab/SarahG/spinodal_decomp_06_2025/out_MATLAB/SAV_MATLAB_2000_dt_5.50e-06_Nx_128_periodic_n_relax_475p_,13.9727,,403170_11,75p,rivanna
23-Jun-2025 15:27:38,MATLAB,NMG,64,0.030019,5.5e-06,1e-05,2000,10000.0,10,True,periodic,/project/g_bme-janeslab/SarahG/spinodal_decomp_06_2025/out_MATLAB/NMG_MATLAB_2000_dt_5.50e-06_Nx_64_periodic_n_relax_475p_,85.4479,,403170_1,75p,rivanna
23-Jun-2025 15:27:46,MATLAB,SAV,64,0.030019,5.5e-06,,2000,,2000,False,periodic,/project/g_bme-janeslab/SarahG/spinodal_decomp_06_2025/out_MATLAB/SAV_MATLAB_2000_dt_5.50e-06_Nx_64_periodic_n_relax_425p_,5.4407,,403170_71,25p,rivanna
23-Jun-2025 15:27:52,MATLAB,NMG,64,0.030019,5.5e-06,1e-05,2000,10000.0,10,True,periodic,/project/g_bme-janeslab/SarahG/spinodal_decomp_06_2025/out_MATLAB/NMG_MATLAB_2000_dt_5.50e-06_Nx_64_periodic_n_relax_450p_,87.5797,,403170_33,50p,rivanna
23-Jun-2025 15:28:00,MATLAB,SAV,128,0.015009,5.5e-06,,2000,,10,True,periodic,/project/g_bme-janeslab/SarahG/spinodal_decomp_06_2025/out_MATLAB/SAV_MATLAB_2000_dt_5.50e-06_Nx_128_periodic_n_relax_450p_,14.3473,,403170_43,50p,rivanna
23-Jun-2025 15:28:19,MATLAB,SAV,128,0.015009,5.5e-06,,2000,,2000,False,periodic,/project/g_bme-janeslab/SarahG/spinodal_decomp_06_2025/out_MATLAB/SAV_MATLAB_2000_dt_5.50e-06_Nx_128_periodic_n_relax_425p_,11.5797,,403170_79,25p,rivanna
23-Jun-2025 15:28:40,MATLAB,SAV,64,0.030019,5.5e-06,,2000,,10,True,periodic,/project/g_bme-janeslab/SarahG/spinodal_decomp_06_2025/out_MATLAB/SAV_MATLAB_2000_dt_5.50e-06_Nx_64_periodic_n_relax_425p_,8.6293,,403170_67,25p,rivanna
23-Jun-2025 15:28:51,MATLAB,NMG,64,0.030019,5.5e-06,1e-05,2000,10000.0,2000,False,periodic,/project/g_bme-janeslab/SarahG/spinodal_decomp_06_2025/out_MATLAB/NMG_MATLAB_2000_dt_5.50e-06_Nx_64_periodic_n_relax_425p_,85.0246,,403170_69,25p,rivanna
23-Jun-2025 15:29:04,MATLAB,SAV,512,0.0037523,5.5e-06,,2000,,2000,False,periodic,/project/g_bme-janeslab/SarahG/spinodal_decomp_06_2025/out_MATLAB/SAV_MATLAB_2000_dt_5.50e-06_Nx_512_periodic_n_relax_450p_,93.8413,,403170_63,50p,rivanna
23-Jun-2025 15:29:45,MATLAB,SAV,256,0.0075047,5.5e-06,,2000,,10,True,periodic,/project/g_bme-janeslab/SarahG/spinodal_decomp_06_2025/out_MATLAB/SAV_MATLAB_2000_dt_5.50e-06_Nx_256_periodic_n_relax_475p_,35.0281,,403170_19,75p,rivanna
23-Jun-2025 15:29:58,MATLAB,SAV,256,0.0075047,5.5e-06,,2000,,2000,False,periodic,/project/g_bme-janeslab/SarahG/spinodal_decomp_06_2025/out_MATLAB/SAV_MATLAB_2000_dt_5.50e-06_Nx_256_periodic_n_relax_425p_,27.537,,403170_87,25p,rivanna
23-Jun-2025 15:30:02,MATLAB,SAV,128,0.015009,5.5e-06,,2000,,10,True,periodic,/project/g_bme-janeslab/SarahG/spinodal_decomp_06_2025/out_MATLAB/SAV_MATLAB_2000_dt_5.50e-06_Nx_128_periodic_n_relax_425p_,17.5508,,403170_75,25p,rivanna
23-Jun-2025 15:30:07,MATLAB,NMG,64,0.030019,5.5e-06,1e-05,2000,10000.0,10,True,periodic,/project/g_bme-janeslab/SarahG/spinodal_decomp_06_2025/out_MATLAB/NMG_MATLAB_2000_dt_5.50e-06_Nx_64_periodic_n_relax_425p_,83.528,,403170_65,25p,rivanna
23-Jun-2025 15:30:29,MATLAB,SAV,256,0.0075047,5.5e-06,,2000,,10,True,periodic,/project/g_bme-janeslab/SarahG/spinodal_decomp_06_2025/out_MATLAB/SAV_MATLAB_2000_dt_5.50e-06_Nx_256_periodic_n_relax_450p_,44.6538,,403170_51,50p,rivanna
23-Jun-2025 15:30:42,MATLAB,SAV,256,0.0075047,5.5e-06,,2000,,10,True,periodic,/project/g_bme-janeslab/SarahG/spinodal_decomp_06_2025/out_MATLAB/SAV_MATLAB_2000_dt_5.50e-06_Nx_256_periodic_n_relax_425p_,43.5592,,403170_83,25p,rivanna
23-Jun-2025 15:30:51,MATLAB,NMG,128,0.015009,5.5e-06,1e-05,2000,10000.0,2000,False,periodic,/project/g_bme-janeslab/SarahG/spinodal_decomp_06_2025/out_MATLAB/NMG_MATLAB_2000_dt_5.50e-06_Nx_128_periodic_n_relax_475p_,388.6425,,403170_13,75p,rivanna
23-Jun-2025 15:32:08,MATLAB,SAV,512,0.0037523,5.5e-06,,2000,,2000,False,periodic,/project/g_bme-janeslab/SarahG/spinodal_decomp_06_2025/out_MATLAB/SAV_MATLAB_2000_dt_5.50e-06_Nx_512_periodic_n_relax_425p_,118.1925,,403170_95,25p,rivanna
23-Jun-2025 15:32:55,MATLAB,NMG,128,0.015009,5.5e-06,1e-05,2000,10000.0,10,True,periodic,/project/g_bme-janeslab/SarahG/spinodal_decomp_06_2025/out_MATLAB/NMG_MATLAB_2000_dt_5.50e-06_Nx_128_periodic_n_relax_475p_,390.9028,,403170_9,75p,rivanna
23-Jun-2025 15:33:10,MATLAB,NMG,128,0.015009,5.5e-06,1e-05,2000,10000.0,2000,False,periodic,/project/g_bme-janeslab/SarahG/spinodal_decomp_06_2025/out_MATLAB/NMG_MATLAB_2000_dt_5.50e-06_Nx_128_periodic_n_relax_450p_,435.1856,,403170_45,50p,rivanna
23-Jun-2025 15:34:55,MATLAB,NMG,128,0.015009,5.5e-06,1e-05,2000,10000.0,10,True,periodic,/project/g_bme-janeslab/SarahG/spinodal_decomp_06_2025/out_MATLAB/NMG_MATLAB_2000_dt_5.50e-06_Nx_128_periodic_n_relax_450p_,463.9432,,403170_41,50p,rivanna
23-Jun-2025 15:35:09,MATLAB,NMG,128,0.015009,5.5e-06,1e-05,2000,10000.0,2000,False,periodic,/project/g_bme-janeslab/SarahG/spinodal_decomp_06_2025/out_MATLAB/NMG_MATLAB_2000_dt_5.50e-06_Nx_128_periodic_n_relax_425p_,417.6459,,403170_77,25p,rivanna
23-Jun-2025 15:36:47,MATLAB,NMG,128,0.015009,5.5e-06,1e-05,2000,10000.0,10,True,periodic,/project/g_bme-janeslab/SarahG/spinodal_decomp_06_2025/out_MATLAB/NMG_MATLAB_2000_dt_5.50e-06_Nx_128_periodic_n_relax_425p_,413.0328,,403170_73,25p,rivanna
23-Jun-2025 15:38:31,MATLAB,SAV,512,0.0037523,5.5e-06,,2000,,10,True,periodic,/project/g_bme-janeslab/SarahG/spinodal_decomp_06_2025/out_MATLAB/SAV_MATLAB_2000_dt_5.50e-06_Nx_512_periodic_n_relax_450p_,137.9544,,403170_59,50p,rivanna
23-Jun-2025 15:42:29,MATLAB,SAV,512,0.0037523,5.5e-06,,2000,,10,True,periodic,/project/g_bme-janeslab/SarahG/spinodal_decomp_06_2025/out_MATLAB/SAV_MATLAB_2000_dt_5.50e-06_Nx_512_periodic_n_relax_475p_,124.4068,,403170_27,75p,rivanna
23-Jun-2025 15:46:53,MATLAB,SAV,512,0.0037523,5.5e-06,,2000,,10,True,periodic,/project/g_bme-janeslab/SarahG/spinodal_decomp_06_2025/out_MATLAB/SAV_MATLAB_2000_dt_5.50e-06_Nx_512_periodic_n_relax_425p_,124.2665,,403170_91,25p,rivanna
23-Jun-2025 15:48:56,MATLAB,NMG,256,0.0075047,5.5e-06,1e-05,2000,10000.0,2000,False,periodic,/project/g_bme-janeslab/SarahG/spinodal_decomp_06_2025/out_MATLAB/NMG_MATLAB_2000_dt_5.50e-06_Nx_256_periodic_n_relax_475p_,1474.1927,,403170_21,75p,rivanna
23-Jun-2025 15:51:45,MATLAB,NMG,256,0.0075047,5.5e-06,1e-05,2000,10000.0,2000,False,periodic,/project/g_bme-janeslab/SarahG/spinodal_decomp_06_2025/out_MATLAB/NMG_MATLAB_2000_dt_5.50e-06_Nx_256_periodic_n_relax_450p_,1551.3206,,403170_53,50p,rivanna
23-Jun-2025 15:54:51,MATLAB,NMG,256,0.0075047,5.5e-06,1e-05,2000,10000.0,2000,False,periodic,/project/g_bme-janeslab/SarahG/spinodal_decomp_06_2025/out_MATLAB/NMG_MATLAB_2000_dt_5.50e-06_Nx_256_periodic_n_relax_425p_,1568.9036,,403170_85,25p,rivanna
23-Jun-2025 15:55:17,MATLAB,NMG,256,0.0075047,5.5e-06,1e-05,2000,10000.0,10,True,periodic,/project/g_bme-janeslab/SarahG/spinodal_decomp_06_2025/out_MATLAB/NMG_MATLAB_2000_dt_5.50e-06_Nx_256_periodic_n_relax_450p_,1482.1157,,403170_49,50p,rivanna
23-Jun-2025 15:56:11,MATLAB,NMG,256,0.0075047,5.5e-06,1e-05,2000,10000.0,10,True,periodic,/project/g_bme-janeslab/SarahG/spinodal_decomp_06_2025/out_MATLAB/NMG_MATLAB_2000_dt_5.50e-06_Nx_256_periodic_n_relax_475p_,1592.1572,,403170_17,75p,rivanna
23-Jun-2025 15:59:23,MATLAB,NMG,256,0.0075047,5.5e-06,1e-05,2000,10000.0,10,True,periodic,/project/g_bme-janeslab/SarahG/spinodal_decomp_06_2025/out_MATLAB/NMG_MATLAB_2000_dt_5.50e-06_Nx_256_periodic_n_relax_425p_,1538.0615,,403170_81,25p,rivanna
23-Jun-2025 17:11:04,MATLAB,NMG,512,0.0037523,5.5e-06,1e-05,2000,10000.0,2000,False,periodic,/project/g_bme-janeslab/SarahG/spinodal_decomp_06_2025/out_MATLAB/NMG_MATLAB_2000_dt_5.50e-06_Nx_512_periodic_n_relax_475p_,6366.8191,,403170_29,75p,rivanna
23-Jun-2025 17:17:26,MATLAB,NMG,512,0.0037523,5.5e-06,1e-05,2000,10000.0,2000,False,periodic,/project/g_bme-janeslab/SarahG/spinodal_decomp_06_2025/out_MATLAB/NMG_MATLAB_2000_dt_5.50e-06_Nx_512_periodic_n_relax_450p_,6589.109,,403170_61,50p,rivanna
23-Jun-2025 17:19:19,MATLAB,NMG,512,0.0037523,5.5e-06,1e-05,2000,10000.0,2000,False,periodic,/project/g_bme-janeslab/SarahG/spinodal_decomp_06_2025/out_MATLAB/NMG_MATLAB_2000_dt_5.50e-06_Nx_512_periodic_n_relax_425p_,6545.7582,,403170_93,25p,rivanna
23-Jun-2025 17:27:31,MATLAB,NMG,512,0.0037523,5.5e-06,1e-05,2000,10000.0,10,True,periodic,/project/g_bme-janeslab/SarahG/spinodal_decomp_06_2025/out_MATLAB/NMG_MATLAB_2000_dt_5.50e-06_Nx_512_periodic_n_relax_450p_,6268.5284,,403170_57,50p,rivanna
23-Jun-2025 17:32:41,MATLAB,NMG,512,0.0037523,5.5e-06,1e-05,2000,10000.0,10,True,periodic,/project/g_bme-janeslab/SarahG/spinodal_decomp_06_2025/out_MATLAB/NMG_MATLAB_2000_dt_5.50e-06_Nx_512_periodic_n_relax_425p_,6373.5692,,403170_89,25p,rivanna
23-Jun-2025 17:40:32,MATLAB,NMG,512,0.0037523,5.5e-06,1e-05,2000,10000.0,10,True,periodic,/project/g_bme-janeslab/SarahG/spinodal_decomp_06_2025/out_MATLAB/NMG_MATLAB_2000_dt_5.50e-06_Nx_512_periodic_n_relax_475p_,7123.4277,,403170_25,75p,rivanna
